timestamp,equity,return,drawdown
1761149700000,10000.000000,0.000000,0.000000
1761150600000,10000.000000,0.000000,0.000000
1761151500000,10000.000000,0.000000,0.000000
1761152400000,10000.000000,0.000000,0.000000
1761153300000,10000.000000,0.000000,0.000000
1761154200000,10000.000000,0.000000,0.000000
1761155100000,10000.000000,0.000000,0.000000
1761156000000,10000.000000,0.000000,0.000000
1761156900000,10000.000000,0.000000,0.000000
1761157800000,10000.000000,0.000000,0.000000
1761158700000,10000.000000,0.000000,0.000000
1761159600000,10000.000000,0.000000,0.000000
1761160500000,10000.000000,0.000000,0.000000
1761161400000,10000.000000,0.000000,0.000000
1761162300000,10000.000000,0.000000,0.000000
1761163200000,10000.000000,0.000000,0.000000
1761164100000,10000.000000,0.000000,0.000000
1761165000000,10000.000000,0.000000,0.000000
1761165900000,10000.000000,0.000000,0.000000
1761166800000,10000.000000,0.000000,0.000000
1761167700000,10000.000000,0.000000,0.000000
1761168600000,10000.000000,0.000000,0.000000
1761169500000,10000.000000,0.000000,0.000000
1761170400000,10000.000000,0.000000,0.000000
1761171300000,10000.000000,0.000000,0.000000
1761172200000,10000.000000,0.000000,0.000000
1761173100000,10000.000000,0.000000,0.000000
1761174000000,10000.000000,0.000000,0.000000
1761174900000,10000.000000,0.000000,0.000000
1761175800000,10000.000000,0.000000,0.000000
1761176700000,10000.000000,0.000000,0.000000
1761177600000,10000.000000,0.000000,0.000000
1761178500000,10000.000000,0.000000,0.000000
1761179400000,10000.000000,0.000000,0.000000
1761180300000,10000.000000,0.000000,0.000000
1761181200000,10000.000000,0.000000,0.000000
1761182100000,10000.000000,0.000000,0.000000
1761183000000,10000.000000,0.000000,0.000000
1761183900000,10000.000000,0.000000,0.000000
1761184800000,10000.000000,0.000000,0.000000
1761185700000,10000.000000,0.000000,0.000000
1761186600000,10000.000000,0.000000,0.000000
1761187500000,10000.000000,0.000000,0.000000
1761188400000,10000.000000,0.000000,0.000000
1761189300000,10000.000000,0.000000,0.000000
1761190200000,10000.000000,0.000000,0.000000
1761191100000,10000.000000,0.000000,0.000000
1761192000000,10000.000000,0.000000,0.000000
1761192900000,10000.000000,0.000000,0.000000
1761193800000,10000.000000,0.000000,0.000000
1761194700000,10000.000000,0.000000,0.000000
1761195600000,10000.000000,0.000000,0.000000
1761196500000,10000.000000,0.000000,0.000000
1761197400000,10000.000000,0.000000,0.000000
1761198300000,10000.000000,0.000000,0.000000
1761199200000,10000.000000,0.000000,0.000000
1761200100000,10000.000000,0.000000,0.000000
1761201000000,10000.000000,0.000000,0.000000
1761201900000,10000.000000,0.000000,0.000000
1761202800000,10000.000000,0.000000,0.000000
1761203700000,10000.000000,0.000000,0.000000
1761204600000,10000.000000,0.000000,0.000000
1761205500000,10000.000000,0.000000,0.000000
1761206400000,10000.000000,0.000000,0.000000
1761207300000,10000.000000,0.000000,0.000000
1761208200000,10000.000000,0.000000,0.000000
1761209100000,10000.000000,0.000000,0.000000
1761210000000,10000.000000,0.000000,0.000000
1761210900000,10000.000000,0.000000,0.000000
1761211800000,10000.000000,0.000000,0.000000
1761212700000,10000.000000,0.000000,0.000000
1761213600000,10000.000000,0.000000,0.000000
1761214500000,10000.000000,0.000000,0.000000
1761215400000,10000.000000,0.000000,0.000000
1761216300000,10000.000000,0.000000,0.000000
1761217200000,10000.000000,0.000000,0.000000
1761218100000,10000.000000,0.000000,0.000000
1761219000000,10000.000000,0.000000,0.000000
1761219900000,10000.000000,0.000000,0.000000
1761220800000,10000.000000,0.000000,0.000000
1761221700000,10000.000000,0.000000,0.000000
1761222600000,10000.000000,0.000000,0.000000
1761223500000,10000.000000,0.000000,0.000000
1761224400000,10000.000000,0.000000,0.000000
1761225300000,10000.000000,0.000000,0.000000
1761226200000,10000.000000,0.000000,0.000000
1761227100000,10000.000000,0.000000,0.000000
1761228000000,10000.000000,0.000000,0.000000
1761228900000,10000.000000,0.000000,0.000000
1761229800000,10000.000000,0.000000,0.000000
1761230700000,10000.000000,0.000000,0.000000
1761231600000,10000.000000,0.000000,0.000000
1761232500000,10000.000000,0.000000,0.000000
1761233400000,10000.000000,0.000000,0.000000
1761234300000,10000.000000,0.000000,0.000000
1761235200000,10000.000000,0.000000,0.000000
1761236100000,10000.000000,0.000000,0.000000
1761237000000,10000.000000,0.000000,0.000000
1761237900000,10000.000000,0.000000,0.000000
1761238800000,10000.000000,0.000000,0.000000
1761239700000,10000.000000,0.000000,0.000000
1761240600000,10000.000000,0.000000,0.000000
1761241500000,10000.000000,0.000000,0.000000
1761242400000,10000.000000,0.000000,0.000000
1761243300000,10000.000000,0.000000,0.000000
1761244200000,10000.000000,0.000000,0.000000
1761245100000,10000.000000,0.000000,0.000000
1761246000000,10000.000000,0.000000,0.000000
1761246900000,10000.000000,0.000000,0.000000
1761247800000,10000.000000,0.000000,0.000000
1761248700000,10000.000000,0.000000,0.000000
1761249600000,10000.000000,0.000000,0.000000
1761250500000,10000.000000,0.000000,0.000000
1761251400000,10000.000000,0.000000,0.000000
1761252300000,10000.000000,0.000000,0.000000
1761253200000,10000.000000,0.000000,0.000000
1761254100000,10000.000000,0.000000,0.000000
1761255000000,10000.000000,0.000000,0.000000
1761255900000,10000.000000,0.000000,0.000000
1761256800000,10000.000000,0.000000,0.000000
1761257700000,10000.000000,0.000000,0.000000
1761258600000,10000.000000,0.000000,0.000000
1761259500000,10000.000000,0.000000,0.000000
1761260400000,10000.000000,0.000000,0.000000
1761261300000,10000.000000,0.000000,0.000000
1761262200000,10000.000000,0.000000,0.000000
1761263100000,10000.000000,0.000000,0.000000
1761264000000,10000.000000,0.000000,0.000000
1761264900000,10000.000000,0.000000,0.000000
1761265800000,10000.000000,0.000000,0.000000
1761266700000,10000.000000,0.000000,0.000000
1761267600000,10000.000000,0.000000,0.000000
1761268500000,10000.000000,0.000000,0.000000
1761269400000,10000.000000,0.000000,0.000000
1761270300000,10000.000000,0.000000,0.000000
1761271200000,10000.000000,0.000000,0.000000
1761272100000,10000.000000,0.000000,0.000000
1761273000000,10000.000000,0.000000,0.000000
1761273900000,10000.000000,0.000000,0.000000
1761274800000,10000.000000,0.000000,0.000000
1761275700000,10000.000000,0.000000,0.000000
1761276600000,10000.000000,0.000000,0.000000
1761277500000,10000.000000,0.000000,0.000000
1761278400000,10000.000000,0.000000,0.000000
1761279300000,10000.000000,0.000000,0.000000
1761280200000,10000.000000,0.000000,0.000000
1761281100000,10000.000000,0.000000,0.000000
1761282000000,10000.000000,0.000000,0.000000
1761282900000,10000.000000,0.000000,0.000000
1761283800000,10000.000000,0.000000,0.000000
1761284700000,10000.000000,0.000000,0.000000
1761285600000,10000.000000,0.000000,0.000000
1761286500000,10000.000000,0.000000,0.000000
1761287400000,10000.000000,0.000000,0.000000
1761288300000,10000.000000,0.000000,0.000000
1761289200000,10000.000000,0.000000,0.000000
1761290100000,10000.000000,0.000000,0.000000
1761291000000,10000.000000,0.000000,0.000000
1761291900000,10000.000000,0.000000,0.000000
1761292800000,10000.000000,0.000000,0.000000
1761293700000,10000.000000,0.000000,0.000000
1761294600000,10000.000000,0.000000,0.000000
1761295500000,10000.000000,0.000000,0.000000
1761296400000,10000.000000,0.000000,0.000000
1761297300000,10000.000000,0.000000,0.000000
1761298200000,10000.000000,0.000000,0.000000
1761299100000,10000.000000,0.000000,0.000000
1761300000000,10000.000000,0.000000,0.000000
1761300900000,10000.000000,0.000000,0.000000
1761301800000,10000.000000,0.000000,0.000000
1761302700000,10000.000000,0.000000,0.000000
1761303600000,10000.000000,0.000000,0.000000
1761304500000,10000.000000,0.000000,0.000000
1761305400000,10000.000000,0.000000,0.000000
1761306300000,10000.000000,0.000000,0.000000
1761307200000,10000.000000,0.000000,0.000000
1761308100000,10000.000000,0.000000,0.000000
1761309000000,10000.000000,0.000000,0.000000
1761309900000,10000.000000,0.000000,0.000000
1761310800000,10000.000000,0.000000,0.000000
1761311700000,10000.000000,0.000000,0.000000
1761312600000,10000.000000,0.000000,0.000000
1761313500000,10000.000000,0.000000,0.000000
1761314400000,10000.000000,0.000000,0.000000
1761315300000,10000.000000,0.000000,0.000000
1761316200000,10000.000000,0.000000,0.000000
1761317100000,10000.000000,0.000000,0.000000
1761318000000,10000.000000,0.000000,0.000000
1761318900000,10000.000000,0.000000,0.000000
1761319800000,10000.000000,0.000000,0.000000
1761320700000,10000.000000,0.000000,0.000000
1761321600000,10000.000000,0.000000,0.000000
1761322500000,9997.319899,0.000000,0.000268
1761323400000,9987.727522,-0.000960,0.001227
1761324300000,9994.817167,0.000710,0.000518
1761325200000,9994.074432,-0.000074,0.000593
1761326100000,10001.018645,0.000695,0.000000
1761327000000,9996.817851,-0.000420,0.000420
1761327900000,9993.320761,-0.000350,0.000770
1761328800000,10000.579065,0.000726,0.000044
1761329700000,9999.514653,0.000083,0.000150
1761330600000,10000.160662,0.000065,0.000086
1761331500000,10000.224608,0.000006,0.000079
1761332400000,10001.101255,0.000088,0.000000
1761333300000,10002.876546,0.000177,0.000000
1761334200000,10001.296832,-0.000158,0.000158
1761335100000,10000.350907,-0.000095,0.000252
1761336000000,10000.649223,0.000030,0.000223
1761336900000,10000.209305,0.000063,0.000267
1761337800000,10000.052733,-0.000016,0.000282
1761338700000,9999.740692,-0.000031,0.000313
1761339600000,10000.480748,0.000074,0.000240
1761340500000,9999.765793,-0.000071,0.000311
1761341400000,9999.367291,-0.000040,0.000351
1761342300000,9999.211144,-0.000016,0.000366
1761343200000,9998.089794,0.000036,0.000479
1761344100000,9996.313195,-0.000178,0.000656
1761345000000,9996.781931,0.000047,0.000609
1761345900000,9996.884540,0.000010,0.000599
1761346800000,9999.196716,0.000231,0.000368
1761347700000,9996.744781,-0.000245,0.000613
1761348600000,9997.930458,0.000119,0.000494
1761349500000,9995.913992,-0.000093,0.000696
1761350400000,9997.007752,0.000109,0.000587
1761351300000,9997.002286,-0.000001,0.000587
1761352200000,9997.361779,0.000036,0.000551
1761353100000,9997.563476,0.000020,0.000531
1761354000000,9996.675075,-0.000089,0.000620
1761354900000,9995.202800,-0.000147,0.000767
1761355800000,9996.216961,0.000101,0.000666
1761356700000,9995.416150,-0.000080,0.000746
1761357600000,9995.369473,0.000065,0.000750
1761358500000,9995.019336,-0.000035,0.000785
1761359400000,9995.092677,0.000007,0.000778
1761360300000,9994.643006,-0.000045,0.000823
1761361200000,9994.351147,-0.000029,0.000852
1761362100000,9993.911405,-0.000044,0.000896
1761363000000,9993.829834,-0.000008,0.000904
1761363900000,9994.944615,0.000112,0.000793
1761364800000,9992.570950,-0.000238,0.001030
1761365700000,9991.066275,-0.000151,0.001181
1761366600000,9991.398813,0.000033,0.001147
1761367500000,9992.091754,0.000069,0.001078
1761368400000,9992.758545,0.000121,0.001012
1761369300000,9992.198788,-0.000056,0.001067
1761370200000,9989.998035,-0.000220,0.001287
1761371100000,9988.197195,-0.000180,0.001468
1761372000000,9987.855666,-0.000034,0.001502
1761372900000,9989.394990,0.000154,0.001348
1761373800000,9988.508083,-0.000089,0.001436
1761374700000,9988.554145,0.000005,0.001432
1761375600000,9986.854484,-0.000170,0.001602
1761376500000,9982.540734,-0.000376,0.002033
1761377400000,9985.078285,0.000254,0.001779
1761378300000,9985.722430,0.000065,0.001715
1761379200000,9983.364803,-0.000236,0.001951
1761380100000,9981.786232,-0.000158,0.002108
1761381000000,9983.050481,0.000127,0.001982
1761381900000,9979.509481,-0.000355,0.002336
1761382800000,9978.701699,-0.000081,0.002417
1761383700000,9981.709560,0.000301,0.002116
1761384600000,9980.451038,-0.000126,0.002242
1761385500000,9985.596064,0.000515,0.001728
1761386400000,9988.114878,0.000252,0.001476
1761387300000,9986.069357,-0.000205,0.001680
1761388200000,9981.781286,-0.000429,0.002109
1761389100000,9984.498719,0.000272,0.001837
1761390000000,9985.055991,0.000056,0.001782
1761390900000,9982.686717,-0.000237,0.002018
1761391800000,9983.936638,0.000125,0.001893
1761392700000,9984.241183,0.000031,0.001863
1761393600000,9981.870328,-0.000237,0.002100
1761394500000,9980.942986,-0.000093,0.002193
1761395400000,9980.942986,0.000000,0.002193
1761396300000,9976.149413,-0.000480,0.002672
1761397200000,9979.163604,0.000302,0.002371
1761398100000,9979.294537,0.000013,0.002358
1761399000000,9984.516054,0.000523,0.001836
1761399900000,9981.563643,-0.000296,0.002131
1761400800000,9980.236001,-0.000133,0.002263
1761401700000,9982.968815,0.000274,0.001990
1761402600000,9982.879727,-0.000009,0.001999
1761403500000,9983.629660,0.000075,0.001924
1761404400000,9988.124800,0.000450,0.001475
1761405300000,9986.681571,-0.000145,0.001619
1761406200000,9986.166011,-0.000052,0.001671
1761407100000,9988.953480,0.000279,0.001392
1761408000000,9992.283803,0.000333,0.001059
1761408900000,9992.743646,0.000046,0.001013
1761409800000,9989.358100,-0.000099,0.001351
1761410700000,9989.253016,-0.000011,0.001362
1761411600000,9989.211738,-0.000004,0.001366
1761412500000,9989.283699,0.000007,0.001359
1761413400000,9989.304254,0.000002,0.001357
1761414300000,9989.252061,-0.000005,0.001362
1761415200000,9989.205625,-0.000005,0.001367
1761416100000,9987.687916,-0.000017,0.001518
1761417000000,9986.679071,-0.000101,0.001619
1761417900000,9986.163403,-0.000052,0.001671
1761418800000,9987.856609,0.000170,0.001502
1761419700000,9987.341944,-0.000052,0.001553
1761420600000,9987.409690,0.000007,0.001546
1761421500000,9987.514919,0.000011,0.001536
1761422400000,9987.323646,0.000050,0.001555
1761423300000,9988.253192,0.000093,0.001462
1761424200000,9989.657939,0.000141,0.001321
1761425100000,9990.503411,0.000085,0.001237
1761426000000,9989.819764,-0.000068,0.001305
1761426900000,9991.146817,0.000133,0.001173
1761427800000,9992.050505,0.000090,0.001082
1761428700000,9989.606839,-0.000245,0.001327
1761429600000,9990.897525,0.000129,0.001198
1761430500000,9987.163116,-0.000211,0.001571
1761431400000,9986.673710,-0.000049,0.001620
1761432300000,9986.624493,-0.000005,0.001625
1761433200000,9986.468836,-0.000016,0.001640
1761434100000,9986.548667,0.000008,0.001632
1761435000000,9986.920366,0.000037,0.001595
1761435900000,9986.550173,-0.000037,0.001632
1761436800000,9985.415409,0.000025,0.001746
1761437700000,9982.314989,-0.000311,0.002056
1761438600000,9980.384259,-0.000193,0.002249
1761439500000,9982.898947,0.000252,0.001997
1761440400000,9981.492899,-0.000141,0.002138
1761441300000,9983.009753,0.000152,0.001986
1761442200000,9982.621026,-0.000039,0.002025
1761443100000,9984.546732,0.000193,0.001832
1761444000000,9986.056855,0.000151,0.001681
1761444900000,9983.131671,-0.000185,0.001974
1761445800000,9983.677228,0.000055,0.001919
1761446700000,9984.738613,0.000106,0.001813
1761447600000,9984.629981,-0.000011,0.001824
1761448500000,9984.382776,-0.000025,0.001849
1761449400000,9986.167552,0.000179,0.001670
1761450300000,9986.240648,0.000007,0.001663
1761451200000,9981.274900,-0.000088,0.002160
1761452100000,9982.287309,0.000101,0.002058
1761453000000,9982.799976,0.000051,0.002007
1761453900000,9983.022009,0.000022,0.001985
1761454800000,9984.974222,0.000196,0.001790
1761455700000,9985.473594,0.000050,0.001740
1761456600000,9989.470264,0.000400,0.001340
1761457500000,9983.757786,-0.000064,0.001911
1761458400000,9984.487919,0.000073,0.001838
1761459300000,9983.372219,-0.000112,0.001950
1761460200000,9983.574855,0.000020,0.001930
1761461100000,9983.460084,-0.000011,0.001941
1761462000000,9982.391665,-0.000107,0.002048
1761462900000,9982.947301,0.000056,0.001992
1761463800000,9982.644367,-0.000030,0.002023
1761464700000,9981.513779,-0.000113,0.002136
1761465600000,9980.206765,-0.000131,0.002266
1761466500000,9980.206765,0.000000,0.002266
1761467400000,9978.022675,-0.000075,0.002485
1761468300000,9980.125500,0.000211,0.002274
1761469200000,9982.400622,0.000228,0.002047
1761470100000,9951.152252,-0.003135,0.005171
1761471000000,9962.489950,0.001139,0.004037
1761471900000,9955.931988,-0.000658,0.004693
1761472800000,9960.375580,0.000446,0.004249
1761473700000,9962.346170,0.000198,0.004052
1761474600000,9959.513710,-0.000284,0.004335
1761475500000,9957.452748,-0.000207,0.004541
1761476400000,9956.910657,-0.000054,0.004595
1761477300000,9950.331558,-0.000661,0.005253
1761478200000,9930.439775,-0.002001,0.007242
1761479100000,9931.731118,0.000130,0.007112
1761480000000,9916.647202,-0.001416,0.008620
1761480900000,9918.777454,0.000215,0.008407
1761481800000,9921.815865,0.000306,0.008104
1761482700000,9920.190377,-0.000164,0.008266
1761483600000,9923.988147,0.000383,0.007887
1761484500000,9918.837194,-0.000519,0.008402
1761485400000,9914.272342,-0.000460,0.008858
1761486300000,9917.218452,0.000297,0.008563
1761487200000,9914.492720,-0.000176,0.008836
1761488100000,9915.766228,0.000128,0.008709
1761489000000,9913.870541,-0.000191,0.008898
1761489900000,9917.179724,0.000334,0.008567
1761490800000,9917.614446,0.000044,0.008524
1761491700000,9917.943531,0.000033,0.008491
1761492600000,9918.062260,0.000012,0.008479
1761493500000,9915.601978,-0.000248,0.008725
1761494400000,9918.740770,0.000317,0.008411
1761495300000,9919.252558,0.000052,0.008360
1761496200000,9916.505636,-0.000277,0.008635
1761497100000,9917.298175,0.000133,0.008555
1761498000000,9916.291058,-0.000102,0.008656
1761498900000,9916.542700,0.000025,0.008631
1761499800000,9917.171549,0.000063,0.008568
1761500700000,9917.822639,0.000066,0.008503
1761501600000,9916.936730,-0.000089,0.008592
1761502500000,9917.378886,0.000045,0.008547
1761503400000,9916.160031,-0.000123,0.008669
1761504300000,9916.780009,0.000063,0.008607
1761505200000,9917.040355,0.000026,0.008581
1761506100000,9916.194751,-0.000085,0.008666
1761507000000,9916.727558,0.000054,0.008612
1761507900000,9916.848857,0.000012,0.008600
1761508800000,9917.264712,0.000042,0.008559
1761509700000,9918.315301,0.000106,0.008454
1761510600000,9917.527210,-0.000079,0.008532
1761511500000,9918.678124,0.000116,0.008417
1761512400000,9917.695675,-0.000052,0.008516
1761513300000,9921.301940,0.000364,0.008155
1761514200000,9916.947545,-0.000439,0.008590
1761515100000,9916.335608,-0.000062,0.008652
1761516000000,9903.842087,-0.001261,0.009901
1761516900000,9906.335166,0.000252,0.009651
1761517800000,9904.650847,-0.000170,0.009820
1761518700000,9903.107557,-0.000156,0.009974
1761519600000,9905.469006,0.000238,0.009738
1761520500000,9906.486206,0.000103,0.009636
1761521400000,9903.678205,-0.000283,0.009917
1761522300000,9904.686072,0.000102,0.009816
1761523200000,9901.069238,-0.000365,0.010178
1761524100000,9901.099961,0.000003,0.010175
1761525000000,9900.947452,-0.000015,0.010190
1761525900000,9902.311995,0.000138,0.010054
1761526800000,9899.780734,-0.000256,0.010307
1761527700000,9898.101877,-0.000170,0.010474
1761528600000,9897.395169,-0.000071,0.010545
1761529500000,9896.824439,-0.000058,0.010602
1761530400000,9896.012944,-0.000011,0.010683
1761531300000,9897.319835,0.000132,0.010553
1761532200000,9897.079224,-0.000024,0.010577
1761533100000,9897.646937,0.000057,0.010520
1761534000000,9896.760404,-0.000090,0.010609
1761534900000,9897.445999,0.000069,0.010540
1761535800000,9897.516566,0.000007,0.010533
1761536700000,9897.240170,-0.000028,0.010561
1761537600000,9896.290665,-0.000096,0.010656
1761538500000,9896.363124,0.000007,0.010648
1761539400000,9896.126330,-0.000024,0.010672
1761540300000,9896.164821,0.000004,0.010668
1761541200000,9895.201860,-0.000097,0.010764
1761542100000,9894.926454,-0.000028,0.010792
1761543000000,9894.599651,-0.000033,0.010825
1761543900000,9894.982183,0.000039,0.010786
1761544800000,9895.220860,0.000024,0.010762
1761545700000,9894.135022,-0.000110,0.010871
1761546600000,9894.400879,0.000027,0.010844
1761547500000,9892.870520,-0.000155,0.010997
1761548400000,9893.632586,0.000077,0.010921
1761549300000,9893.636291,0.000000,0.010921
1761550200000,9894.459429,0.000083,0.010839
1761551100000,9894.860827,0.000041,0.010798
1761552000000,9895.263406,0.000041,0.010758
1761552900000,9896.620343,0.000137,0.010623
1761553800000,9896.229395,-0.000040,0.010662
1761554700000,9897.037753,0.000082,0.010581
1761555600000,9896.552814,-0.000049,0.010629
1761556500000,9896.412403,-0.000014,0.010643
1761557400000,9895.651457,-0.000077,0.010719
1761558300000,9896.087428,0.000044,0.010676
1761559200000,9895.659312,-0.000043,0.010719
1761560100000,9895.213425,-0.000045,0.010763
1761561000000,9895.471648,0.000026,0.010737
1761561900000,9895.257210,-0.000022,0.010759
1761562800000,9895.429909,0.000017,0.010742
1761563700000,9895.992256,0.000057,0.010685
1761564600000,9895.339833,-0.000066,0.010751
1761565500000,9895.705207,0.000037,0.010714
1761566400000,9896.013772,0.000031,0.010683
1761567300000,9895.991843,-0.000002,0.010685
1761568200000,9896.815943,0.000083,0.010603
1761569100000,9896.896777,0.000008,0.010595
1761570000000,9896.613300,-0.000029,0.010623
1761570900000,9896.614957,0.000000,0.010623
1761571800000,9897.641954,0.000104,0.010520
1761572700000,9896.120122,-0.000154,0.010673
1761573600000,9897.972197,0.000187,0.010487
1761574500000,9897.293693,-0.000069,0.010555
1761575400000,9897.743286,0.000045,0.010510
1761576300000,9897.986326,0.000025,0.010486
1761577200000,9897.031947,-0.000096,0.010581
1761578100000,9896.958967,-0.000007,0.010589
1761579000000,9897.404079,0.000045,0.010544
1761579900000,9897.376687,-0.000003,0.010547
1761580800000,9896.157371,-0.000123,0.010669
1761581700000,9895.857809,-0.000030,0.010699
1761582600000,9895.376605,-0.000049,0.010747
1761583500000,9894.386555,-0.000016,0.010846
1761584400000,9893.667804,-0.000073,0.010918
1761585300000,9896.406651,0.000277,0.010644
1761586200000,9892.689911,-0.000376,0.011015
1761587100000,9891.825500,-0.000087,0.011102
1761588000000,9891.351726,-0.000048,0.011149
1761588900000,9895.460609,0.000415,0.010739
1761589800000,9894.466712,-0.000100,0.010838
1761590700000,9896.148788,0.000170,0.010670
1761591600000,9896.375023,0.000023,0.010647
1761592500000,9900.143215,0.000381,0.010270
1761593400000,9900.978093,0.000084,0.010187
1761594300000,9900.877975,-0.000010,0.010197
1761595200000,9902.867205,0.000201,0.009998
1761596100000,9903.539970,0.000068,0.009931
1761597000000,9904.325737,0.000079,0.009852
1761597900000,9902.742547,0.000269,0.010011
1761598800000,9901.819881,-0.000093,0.010103
1761599700000,9894.760771,-0.000713,0.010808
1761600600000,9898.862136,0.000414,0.010398
1761601500000,9898.751803,-0.000011,0.010409
1761602400000,9903.244429,0.000454,0.009960
1761603300000,9902.173880,-0.000108,0.010067
1761604200000,9895.745755,-0.000649,0.010710
1761605100000,9893.537261,-0.000223,0.010931
1761606000000,9890.874144,-0.000269,0.011197
1761606900000,9891.275447,0.000041,0.011157
1761607800000,9894.008101,0.000276,0.010884
1761608700000,9893.048935,-0.000097,0.010980
1761609600000,9892.627426,-0.000043,0.011022
1761610500000,9896.887395,0.000431,0.010596
1761611400000,9889.780575,-0.000718,0.011306
1761612300000,9889.335517,-0.000045,0.011351
1761613200000,9894.531709,0.000597,0.010831
1761614100000,9895.099636,0.000057,0.010775
1761615000000,9900.696463,0.000565,0.010215
1761615900000,9900.052251,-0.000065,0.010279
1761616800000,9894.363744,-0.000575,0.010848
1761617700000,9892.701320,-0.000168,0.011014
1761618600000,9889.174810,-0.000357,0.011367
1761619500000,9889.046423,-0.000013,0.011380
1761620400000,9884.764822,-0.000433,0.011808
1761621300000,9889.573220,0.000486,0.011327
1761622200000,9887.115611,-0.000249,0.011573
1761623100000,9888.650165,0.000155,0.011419
1761624000000,9888.873758,0.000023,0.011397
1761624900000,9887.545268,-0.000134,0.011530
1761625800000,9887.855296,0.000031,0.011499
1761626700000,9889.595352,0.000176,0.011325
1761627600000,9886.659318,-0.000297,0.011618
1761628500000,9889.688307,0.000306,0.011316
1761629400000,9883.860407,-0.000589,0.011898
1761630300000,9882.028671,-0.000185,0.012081
1761631200000,9886.220687,0.000424,0.011662
1761632100000,9886.973857,0.000076,0.011587
1761633000000,9890.580102,0.000365,0.011226
1761633900000,9892.867157,0.000231,0.010998
1761634800000,9892.920223,0.000005,0.010992
1761635700000,9895.857460,0.000297,0.010699
1761636600000,9895.507959,0.000028,0.010734
1761637500000,9894.192205,-0.000133,0.010865
1761638400000,9893.364261,-0.000084,0.010948
1761639300000,9896.997254,0.000367,0.010585
1761640200000,9897.740731,0.000075,0.010511
1761641100000,9897.811069,0.000007,0.010504
1761642000000,9896.950878,-0.000087,0.010590
1761642900000,9895.016642,-0.000195,0.010783
1761643800000,9898.714074,0.000374,0.010413
1761644700000,9899.409061,0.000070,0.010344
1761645600000,9899.083163,-0.000033,0.010376
1761646500000,9899.746091,0.000067,0.010310
1761647400000,9899.838726,0.000009,0.010301
1761648300000,9900.736126,0.000091,0.010211
1761649200000,9897.749440,-0.000127,0.010510
1761650100000,9897.721767,-0.000003,0.010512
1761651000000,9897.757562,0.000004,0.010509
1761651900000,9897.886117,0.000013,0.010496
1761652800000,9897.900965,0.000002,0.010495
1761653700000,9897.992952,0.000009,0.010485
1761654600000,9897.857375,-0.000014,0.010499
1761655500000,9897.797711,-0.000006,0.010505
1761656400000,9896.796924,-0.000025,0.010605
1761657300000,9898.881219,0.000211,0.010397
1761658200000,9899.282378,0.000041,0.010356
1761659100000,9901.797085,0.000254,0.010105
1761660000000,9903.520652,0.000174,0.009933
1761660900000,9904.411690,0.000090,0.009844
1761661800000,9896.895213,-0.000759,0.010595
1761662700000,9897.093701,0.000194,0.010575
1761663600000,9894.465535,-0.000266,0.010838
1761664500000,9897.395702,0.000296,0.010545
1761665400000,9902.420913,0.000508,0.010043
1761666300000,9901.434485,-0.000100,0.010141
1761667200000,9899.166901,-0.000229,0.010368
1761668100000,9896.930576,-0.000226,0.010592
1761669000000,9895.823985,0.000000,0.010702
1761669900000,9890.196411,-0.000569,0.011265
1761670800000,9887.546373,-0.000268,0.011530
1761671700000,9887.986064,0.000044,0.011486
1761672600000,9886.584379,-0.000142,0.011626
1761673500000,9891.207997,0.000468,0.011164
1761674400000,9890.896363,-0.000032,0.011195
1761675300000,9899.603625,0.000880,0.010324
1761676200000,9902.878484,0.000331,0.009997
1761677100000,9897.307439,-0.000563,0.010554
1761678000000,9901.148465,0.000388,0.010170
1761678900000,9924.967405,0.002403,0.007789
1761679800000,9918.588333,-0.000643,0.008426
1761680700000,9925.379750,0.000684,0.007747
1761681600000,9941.527959,0.001626,0.006133
1761682500000,9944.500361,0.000837,0.005836
1761683400000,9950.673305,0.000621,0.005219
1761684300000,9952.462632,0.000180,0.005040
1761685200000,9949.913450,-0.000256,0.005295
1761686100000,9950.833427,0.000092,0.005203
1761687000000,9963.468287,0.001269,0.003940
1761687900000,9959.454248,-0.000403,0.004341
1761688800000,9952.140253,-0.000539,0.005072
1761689700000,9955.900684,0.000378,0.004696
1761690600000,9957.170412,0.000128,0.004569
1761691500000,9956.771984,-0.000040,0.004609
1761692400000,9954.556953,-0.000222,0.004831
1761693300000,9952.805363,-0.000176,0.005006
1761694200000,9953.689310,0.000089,0.004917
1761695100000,9952.939326,-0.000075,0.004992
1761696000000,9950.886022,-0.000206,0.005198
1761696900000,9950.370148,-0.000052,0.005249
1761697800000,9949.344002,-0.000103,0.005352
1761698700000,9947.001279,-0.000235,0.005586
1761699600000,9945.373515,-0.000164,0.005749
1761700500000,9944.255987,-0.000112,0.005860
1761701400000,9950.198153,0.000597,0.005266
1761702300000,9947.702747,-0.000251,0.005516
1761703200000,9947.700303,-0.000000,0.005516
1761704100000,9950.143257,0.000246,0.005272
1761705000000,9947.959820,-0.000145,0.005490
1761705900000,9948.448235,0.000049,0.005441
1761706800000,9947.390290,-0.000106,0.005547
1761707700000,9947.541474,0.000015,0.005532
1761708600000,9947.856841,0.000032,0.005500
1761709500000,9947.729548,-0.000013,0.005513
1761710400000,9948.439015,0.000071,0.005442
1761711300000,9948.604965,0.000017,0.005426
1761712200000,9948.759228,0.000016,0.005410
1761713100000,9948.187935,0.000036,0.005467
1761714000000,9949.189648,0.000101,0.005367
1761714900000,9950.500705,0.000132,0.005236
1761715800000,9953.501928,0.000302,0.004936
1761716700000,9951.212397,-0.000230,0.005165
1761717600000,9951.960079,0.000075,0.005090
1761718500000,9951.558376,-0.000040,0.005130
1761719400000,9951.427246,-0.000013,0.005143
1761720300000,9954.775157,0.000336,0.004809
1761721200000,9954.461805,-0.000031,0.004840
1761722100000,9956.885083,0.000243,0.004598
1761723000000,9954.954788,-0.000194,0.004791
1761723900000,9958.789769,0.000385,0.004407
1761724800000,9954.711611,-0.000331,0.004815
1761725700000,9954.611189,-0.000010,0.004825
1761726600000,9953.430246,-0.000119,0.004943
1761727500000,9953.061142,-0.000037,0.004980
1761728400000,9951.946461,-0.000112,0.005092
1761729300000,9952.246848,0.000030,0.005062
1761730200000,9952.304771,0.000006,0.005056
1761731100000,9951.633867,0.000029,0.005123
1761732000000,9950.795722,-0.000084,0.005207
1761732900000,9952.587764,0.000180,0.005027
1761733800000,9952.499923,-0.000009,0.005036
1761734700000,9949.881866,-0.000263,0.005298
1761735600000,9952.655211,0.000279,0.005021
1761736500000,9954.022521,0.000137,0.004884
1761737400000,9952.534432,-0.000150,0.005033
1761738300000,9954.204345,0.000168,0.004866
1761739200000,9956.226893,0.000203,0.004664
1761740100000,9953.262140,-0.000298,0.004960
1761741000000,9954.393991,0.000114,0.004847
1761741900000,9954.552277,0.000016,0.004831
1761742800000,9957.585681,0.000305,0.004528
1761743700000,9960.458546,0.000288,0.004241
1761744600000,9949.844388,-0.000813,0.005302
1761745500000,9951.216099,0.000138,0.005165
1761746400000,9952.733160,0.000152,0.005013
1761747300000,9956.126508,0.000341,0.004674
1761748200000,9953.990277,-0.000215,0.004887
1761749100000,9954.651491,0.000066,0.004821
1761750000000,9956.692963,0.000205,0.004617
1761750900000,9956.711740,0.000210,0.004615
1761751800000,9953.466942,-0.000326,0.004940
1761752700000,9950.628640,-0.000285,0.005223
1761753600000,9945.332326,-0.000532,0.005753
1761754500000,9946.527078,0.000120,0.005633
1761755400000,9948.301960,0.000178,0.005456
1761756300000,9946.172756,-0.000214,0.005669
1761757200000,9946.225338,0.000005,0.005663
1761758100000,9947.147504,0.000093,0.005571
1761759000000,9952.717203,0.000560,0.005014
1761759900000,9954.617536,0.000191,0.004825
1761760800000,9946.955577,-0.000770,0.005590
1761761700000,9949.767973,0.000283,0.005309
1761762600000,9930.234215,-0.001965,0.007262
1761763500000,9942.269513,0.001211,0.006059
1761764400000,9947.531395,0.000591,0.005533
1761765300000,9945.766091,-0.000177,0.005709
1761766200000,9942.727838,-0.000306,0.006013
1761767100000,9944.097969,0.000138,0.005876
1761768000000,9943.771158,-0.000033,0.005909
1761768900000,9947.763149,0.000401,0.005510
1761769800000,9947.302203,-0.000046,0.005556
1761770700000,9948.214768,0.000092,0.005465
1761771600000,9948.006450,-0.000021,0.005485
1761772500000,9948.807618,0.000081,0.005405
1761773400000,9949.139729,0.000033,0.005372
1761774300000,9949.233680,0.000009,0.005363
1761775200000,9948.298287,-0.000094,0.005456
1761776100000,9947.151833,-0.000115,0.005571
1761777000000,9946.634792,-0.000052,0.005623
1761777900000,9946.096637,-0.000054,0.005676
1761778800000,9943.824928,-0.000228,0.005903
1761779700000,9943.160723,-0.000067,0.005970
1761780600000,9940.714614,-0.000246,0.006214
1761781500000,9940.780952,0.000007,0.006208
1761782400000,9941.553488,0.000078,0.006131
1761783300000,9942.729438,0.000118,0.006013
1761784200000,9943.009887,0.000028,0.005985
1761785100000,9943.663602,0.000066,0.005920
1761786000000,9942.747036,-0.000034,0.006011
1761786900000,9941.435325,-0.000132,0.006142
1761787800000,9944.101078,0.000268,0.005876
1761788700000,9942.293163,-0.000182,0.006057
1761789600000,9943.862092,0.000158,0.005900
1761790500000,9947.273287,0.000343,0.005559
1761791400000,9947.986163,0.000072,0.005487
1761792300000,9947.958323,-0.000003,0.005490
1761793200000,9945.891063,-0.000208,0.005697
1761794100000,9945.934557,0.000004,0.005693
1761795000000,9945.148116,-0.000079,0.005771
1761795900000,9945.467207,0.000032,0.005739
1761796800000,9937.213467,-0.000830,0.006564
1761797700000,9918.872234,-0.001847,0.008398
1761798600000,9925.530890,0.000671,0.007732
1761799500000,9920.859179,-0.000471,0.008199
1761800400000,9925.955131,0.000514,0.007690
1761801300000,9926.345245,0.000156,0.007651
1761802200000,9925.935358,-0.000041,0.007692
1761803100000,9925.760656,-0.000018,0.007709
1761804000000,9925.796586,0.000004,0.007706
1761804900000,9925.809082,0.000001,0.007705
1761805800000,9925.411391,-0.000040,0.007744
1761806700000,9925.479088,0.000007,0.007738
1761807600000,9925.246572,-0.000023,0.007761
1761808500000,9925.215033,-0.000003,0.007764
1761809400000,9925.157422,-0.000006,0.007770
1761810300000,9925.164785,0.000001,0.007769
1761811200000,9925.450065,0.000029,0.007740
1761812100000,9925.535272,0.000009,0.007732
1761813000000,9925.436748,-0.000010,0.007742
1761813900000,9925.518707,0.000008,0.007734
1761814800000,9925.673262,0.000016,0.007718
1761815700000,9924.901283,-0.000001,0.007795
1761816600000,9923.249298,-0.000166,0.007960
1761817500000,9923.120877,-0.000013,0.007973
1761818400000,9920.925412,-0.000221,0.008193
1761819300000,9922.360715,0.000145,0.008049
1761820200000,9921.245454,-0.000112,0.008161
1761821100000,9922.673762,0.000144,0.008018
1761822000000,9921.958468,-0.000072,0.008089
1761822900000,9921.377752,-0.000059,0.008148
1761823800000,9921.587660,0.000021,0.008127
1761824700000,9919.906955,-0.000169,0.008295
1761825600000,9917.724903,-0.000220,0.008513
1761826500000,9913.161906,-0.000460,0.008969
1761827400000,9910.989532,-0.000219,0.009186
1761828300000,9910.351092,-0.000064,0.009250
1761829200000,9911.429684,0.000109,0.009142
1761830100000,9911.010635,-0.000042,0.009184
1761831000000,9903.606493,-0.000747,0.009924
1761831900000,9904.651081,0.000105,0.009820
1761832800000,9908.043067,0.000342,0.009481
1761833700000,9907.087412,-0.000096,0.009576
1761834600000,9909.602850,0.000254,0.009325
1761835500000,9908.410889,-0.000034,0.009444
1761836400000,9908.860660,0.000045,0.009399
1761837300000,9909.018552,0.000016,0.009383
1761838200000,9909.293906,0.000028,0.009356
1761839100000,9909.241928,-0.000005,0.009361
1761840000000,9908.679298,-0.000057,0.009417
1761840900000,9908.592251,-0.000009,0.009426
1761841800000,9908.783666,0.000019,0.009407
1761842700000,9908.589073,-0.000020,0.009426
1761843600000,9909.565621,0.000099,0.009328
1761844500000,9910.101264,0.000054,0.009275
1761845400000,9910.044137,-0.000006,0.009281
1761846300000,9909.584198,-0.000046,0.009327
1761847200000,9909.852285,0.000027,0.009300
1761848100000,9909.791892,-0.000006,0.009306
1761849000000,9910.337929,0.000055,0.009251
1761849900000,9910.563145,0.000023,0.009229
1761850800000,9910.475225,-0.000009,0.009237
1761851700000,9910.305650,-0.000017,0.009254
1761852600000,9910.706307,0.000040,0.009214
1761853500000,9911.032040,0.000033,0.009182
1761854400000,9910.523161,-0.000051,0.009233
1761855300000,9909.599775,-0.000047,0.009325
1761856200000,9908.824754,-0.000078,0.009402
1761857100000,9907.500236,-0.000134,0.009535
1761858000000,9907.215474,-0.000029,0.009563
1761858900000,9906.704602,-0.000052,0.009614
1761859800000,9906.558626,-0.000015,0.009629
1761860700000,9904.961979,-0.000161,0.009789
1761861600000,9906.447756,0.000150,0.009640
1761862500000,9906.928332,0.000049,0.009592
1761863400000,9906.495359,-0.000044,0.009635
1761864300000,9904.935111,-0.000158,0.009791
1761865200000,9906.536074,0.000162,0.009631
1761866100000,9905.437111,-0.000040,0.009741
1761867000000,9905.666250,0.000023,0.009718
1761867900000,9906.046669,0.000038,0.009680
1761868800000,9906.417396,0.000037,0.009643
1761869700000,9906.258648,-0.000016,0.009659
1761870600000,9906.450534,0.000019,0.009640
1761871500000,9907.079443,0.000063,0.009577
1761872400000,9907.528514,0.000045,0.009532
1761873300000,9907.601443,0.000007,0.009525
1761874200000,9907.305373,-0.000030,0.009554
1761875100000,9907.390349,0.000009,0.009546
1761876000000,9905.336229,-0.000058,0.009751
1761876900000,9901.208700,-0.000417,0.010164
1761877800000,9909.274260,0.000814,0.009358
1761878700000,9908.306210,-0.000098,0.009454
1761879600000,9905.819782,-0.000251,0.009703
1761880500000,9905.018162,-0.000081,0.009783
1761881400000,9907.981811,0.000299,0.009487
1761882300000,9901.575771,-0.000489,0.010127
1761883200000,9901.875270,0.000030,0.010097
1761884100000,9902.653506,0.000079,0.010019
1761885000000,9903.162764,0.000051,0.009969
1761885900000,9903.173781,0.000001,0.009967
1761886800000,9902.680645,-0.000050,0.010017
1761887700000,9902.813109,0.000013,0.010003
1761888600000,9901.585970,0.000002,0.010126
1761889500000,9901.506822,-0.000008,0.010134
1761890400000,9903.684493,0.000220,0.009916
1761891300000,9903.743440,0.000006,0.009910
1761892200000,9905.672316,0.000195,0.009718
1761893100000,9904.223719,-0.000146,0.009862
1761894000000,9903.011652,-0.000122,0.009984
1761894900000,9903.831332,0.000083,0.009902
1761895800000,9905.569239,0.000175,0.009728
1761896700000,9906.196449,0.000063,0.009665
1761897600000,9908.813504,0.000264,0.009404
1761898500000,9902.312484,-0.000656,0.010054
1761899400000,9902.568327,0.000026,0.010028
1761900300000,9899.568493,-0.000303,0.010328
1761901200000,9898.588937,-0.000099,0.010426
1761902100000,9900.230585,0.000166,0.010262
1761903000000,9899.319276,0.000036,0.010353
1761903900000,9901.974200,0.000268,0.010087
1761904800000,9903.900586,0.000195,0.009895
1761905700000,9902.047082,-0.000187,0.010080
1761906600000,9896.620892,-0.000548,0.010623
1761907500000,9902.961864,0.000641,0.009989
1761908400000,9908.737466,0.000583,0.009411
1761909300000,9909.834596,0.000111,0.009302
1761910200000,9907.850753,-0.000200,0.009500
1761911100000,9888.012338,-0.001958,0.011483
1761912000000,9893.093229,0.000514,0.010975
1761912900000,9893.044338,-0.000005,0.010980
1761913800000,9900.680612,0.000772,0.010217
1761914700000,9902.780328,0.000212,0.010007
1761915600000,9895.596026,-0.000726,0.010725
1761916500000,9897.614098,0.000204,0.010523
1761917400000,9903.675047,0.000612,0.009917
1761918300000,9893.341463,-0.001044,0.010950
1761919200000,9896.895912,0.000359,0.010595
1761920100000,9900.034773,0.000317,0.010281
1761921000000,9896.166724,-0.000391,0.010668
1761921900000,9882.152214,-0.001417,0.012069
1761922800000,9882.019560,-0.000013,0.012082
1761923700000,9887.738632,0.000579,0.011510
1761924600000,9887.049731,0.000006,0.011579
1761925500000,9890.173772,0.000316,0.011267
1761926400000,9891.114744,0.000095,0.011173
1761927300000,9891.155380,0.000004,0.011169
1761928200000,9895.515451,0.000441,0.010733
1761929100000,9905.408745,0.000999,0.009744
1761930000000,9904.333282,-0.000109,0.009851
1761930900000,9903.191534,-0.000115,0.009966
1761931800000,9900.344593,-0.000288,0.010250
1761932700000,9900.115834,-0.000023,0.010273
1761933600000,9898.596531,-0.000153,0.010425
1761934500000,9900.761260,0.000219,0.010209
1761935400000,9893.879385,-0.000579,0.010897
1761936300000,9893.772455,-0.000011,0.010907
1761937200000,9893.742493,-0.000003,0.010910
1761938100000,9893.890762,0.000015,0.010895
1761939000000,9893.950118,0.000006,0.010890
1761939900000,9893.913186,-0.000004,0.010893
1761940800000,9893.894352,-0.000002,0.010895
1761941700000,9893.855944,-0.000004,0.010899
1761942600000,9893.803464,-0.000005,0.010904
1761943500000,9893.788640,-0.000001,0.010906
1761944400000,9893.733071,-0.000006,0.010911
1761945300000,9892.685806,0.000007,0.011016
1761946200000,9892.986967,0.000030,0.010986
1761947100000,9893.027976,0.000004,0.010982
1761948000000,9894.613579,0.000160,0.010823
1761948900000,9893.911159,-0.000071,0.010893
1761949800000,9893.628926,-0.000029,0.010922
1761950700000,9893.220119,-0.000041,0.010962
1761951600000,9891.326448,-0.000052,0.011152
1761952500000,9891.171062,-0.000016,0.011167
1761953400000,9891.070546,-0.000010,0.011177
1761954300000,9891.189857,0.000012,0.011165
1761955200000,9891.494177,0.000031,0.011135
1761956100000,9891.357038,-0.000014,0.011149
1761957000000,9891.173780,-0.000019,0.011167
1761957900000,9890.896098,-0.000028,0.011195
1761958800000,9890.811522,-0.000009,0.011203
1761959700000,9890.433551,-0.000038,0.011241
1761960600000,9890.716804,0.000029,0.011213
1761961500000,9890.901301,0.000019,0.011194
1761962400000,9891.119440,0.000022,0.011172
1761963300000,9891.089559,-0.000003,0.011175
1761964200000,9891.160194,0.000007,0.011168
1761965100000,9890.771958,-0.000039,0.011207
1761966000000,9890.529513,-0.000025,0.011231
1761966900000,9888.935019,-0.000029,0.011391
1761967800000,9886.563277,-0.000240,0.011628
1761968700000,9885.729840,-0.000084,0.011711
1761969600000,9885.290163,-0.000044,0.011755
1761970500000,9884.924638,-0.000037,0.011792
1761971400000,9885.092737,0.000017,0.011775
1761972300000,9884.952396,-0.000014,0.011789
1761973200000,9887.171524,0.000301,0.011567
1761974100000,9885.788048,-0.000140,0.011705
1761975000000,9883.040049,-0.000278,0.011980
1761975900000,9886.276768,0.000327,0.011657
1761976800000,9887.702108,0.000144,0.011514
1761977700000,9888.459008,0.000077,0.011438
1761978600000,9889.821219,0.000138,0.011302
1761979500000,9888.996856,-0.000083,0.011385
1761980400000,9888.253601,-0.000075,0.011459
1761981300000,9885.043669,-0.000325,0.011780
1761982200000,9886.756381,0.000173,0.011609
1761983100000,9887.676729,0.000093,0.011517
1761984000000,9884.697314,-0.000210,0.011815
1761984900000,9884.216248,-0.000049,0.011863
1761985800000,9884.454668,0.000024,0.011839
1761986700000,9883.467804,-0.000100,0.011937
1761987600000,9883.501245,0.000003,0.011934
1761988500000,9884.256679,0.000076,0.011859
1761989400000,9886.848206,0.000262,0.011599
1761990300000,9886.708523,-0.000014,0.011613
1761991200000,9888.160548,0.000147,0.011468
1761992100000,9885.460643,-0.000153,0.011738
1761993000000,9885.335095,-0.000013,0.011751
1761993900000,9885.150417,-0.000019,0.011769
1761994800000,9885.085001,-0.000007,0.011776
1761995700000,9885.355949,0.000027,0.011749
1761996600000,9885.285792,-0.000007,0.011756
1761997500000,9885.198909,-0.000009,0.011764
1761998400000,9883.238913,0.000008,0.011960
1761999300000,9883.697021,0.000046,0.011915
1762000200000,9881.977970,-0.000174,0.012086
1762001100000,9884.992933,0.000305,0.011785
1762002000000,9886.536035,0.000156,0.011631
1762002900000,9885.259444,-0.000129,0.011758
1762003800000,9890.599473,0.000540,0.011224
1762004700000,9886.680692,-0.000396,0.011616
1762005600000,9891.480679,0.000485,0.011136
1762006500000,9884.172669,-0.000336,0.011867
1762007400000,9884.960117,0.000080,0.011788
1762008300000,9885.106632,0.000015,0.011774
1762009200000,9889.515561,0.000446,0.011333
1762010100000,9887.054608,-0.000249,0.011579
1762011000000,9887.424969,0.000037,0.011542
1762011900000,9891.322658,0.000394,0.011152
1762012800000,9889.503228,-0.000184,0.011334
1762013700000,9885.238089,0.000004,0.011760
1762014600000,9878.386482,-0.000693,0.012445
1762015500000,9878.036877,-0.000035,0.012480
1762016400000,9881.087505,0.000309,0.012175
1762017300000,9884.745588,0.000370,0.011810
1762018200000,9882.786986,-0.000198,0.012006
1762019100000,9885.096258,0.000234,0.011775
1762020000000,9883.011106,-0.000211,0.011983
1762020900000,9883.742876,0.000074,0.011910
1762021800000,9883.822767,0.000008,0.011902
1762022700000,9881.610085,-0.000224,0.012123
1762023600000,9884.382084,0.000280,0.011846
1762024500000,9883.389844,-0.000100,0.011945
1762025400000,9882.815322,-0.000058,0.012003
1762026300000,9882.431532,-0.000039,0.012041
1762027200000,9881.537998,-0.000090,0.012130
1762028100000,9878.741284,-0.000283,0.012410
1762029000000,9878.923850,0.000018,0.012392
1762029900000,9879.607963,0.000069,0.012323
1762030800000,9884.936387,0.000539,0.011791
1762031700000,9881.023157,-0.000396,0.012182
1762032600000,9884.962171,0.000399,0.011788
1762033500000,9892.587183,0.000881,0.011026
1762034400000,9891.245196,-0.000136,0.011160
1762035300000,9890.368039,-0.000089,0.011248
1762036200000,9889.587655,-0.000079,0.011326
1762037100000,9889.097731,-0.000050,0.011375
1762038000000,9889.868958,0.000078,0.011298
1762038900000,9889.279767,-0.000060,0.011356
1762039800000,9889.802328,0.000053,0.011304
1762040700000,9886.787575,-0.000075,0.011606
1762041600000,9886.333488,-0.000046,0.011651
1762042500000,9886.200564,-0.000013,0.011664
1762043400000,9886.070885,-0.000013,0.011677
1762044300000,9885.833505,-0.000024,0.011701
1762045200000,9885.888980,0.000006,0.011695
1762046100000,9886.819362,0.000094,0.011602
1762047000000,9886.361212,-0.000046,0.011648
1762047900000,9885.104104,-0.000056,0.011774
1762048800000,9885.726705,0.000063,0.011712
1762049700000,9885.518178,-0.000021,0.011732
1762050600000,9885.507523,-0.000001,0.011734
1762051500000,9885.760189,0.000026,0.011708
1762052400000,9885.833243,0.000007,0.011701
1762053300000,9885.227422,-0.000061,0.011762
1762054200000,9884.768621,0.000048,0.011807
1762055100000,9885.378242,0.000062,0.011746
1762056000000,9887.228710,0.000187,0.011561
1762056900000,9888.096881,0.000088,0.011475
1762057800000,9894.990704,0.000697,0.010785
1762058700000,9900.989675,0.000606,0.010186
1762059600000,9896.961905,-0.000407,0.010588
1762060500000,9889.402088,-0.000165,0.011344
1762061400000,9888.432564,-0.000098,0.011441
1762062300000,9887.459880,-0.000098,0.011538
1762063200000,9891.913222,0.000450,0.011093
1762064100000,9890.883278,-0.000104,0.011196
1762065000000,9886.959675,-0.000397,0.011588
1762065900000,9882.039384,-0.000498,0.012080
1762066800000,9885.900098,0.000391,0.011694
1762067700000,9887.505357,0.000162,0.011534
1762068600000,9880.285805,-0.000663,0.012256
1762069500000,9874.586866,-0.000577,0.012825
1762070400000,9877.108026,0.000255,0.012573
1762071300000,9877.195302,0.000009,0.012565
1762072200000,9876.294546,-0.000091,0.012655
1762073100000,9875.619205,-0.000068,0.012722
1762074000000,9871.874552,-0.000379,0.013096
1762074900000,9872.203237,0.000033,0.013064
1762075800000,9881.763457,0.000968,0.012108
1762076700000,9879.657236,-0.000213,0.012318
1762077600000,9875.703612,-0.000400,0.012714
1762078500000,9883.363405,0.000775,0.011948
1762079400000,9888.042459,0.000473,0.011480
1762080300000,9885.625491,-0.000244,0.011722
1762081200000,9880.008849,-0.000460,0.012283
1762082100000,9876.454310,-0.000360,0.012639
1762083000000,9875.593363,-0.000087,0.012725
1762083900000,9870.634534,-0.000502,0.013220
1762084800000,9872.413935,0.000180,0.013043
1762085700000,9875.124896,0.000275,0.012771
1762086600000,9877.242758,0.000214,0.012560
1762087500000,9877.841269,0.000129,0.012500
1762088400000,9881.250653,0.000345,0.012159
1762089300000,9886.106242,0.000491,0.011674
1762090200000,9886.707014,0.000061,0.011614
1762091100000,9882.473776,-0.000428,0.012037
1762092000000,9884.355777,0.000190,0.011849
1762092900000,9888.435189,0.000413,0.011441
1762093800000,9887.489728,-0.000096,0.011535
1762094700000,9882.873277,-0.000162,0.011997
1762095600000,9882.740011,-0.000013,0.012010
1762096500000,9883.517355,0.000079,0.011932
1762097400000,9882.014219,-0.000152,0.012083
1762098300000,9881.032752,-0.000099,0.012181
1762099200000,9879.343450,-0.000171,0.012350
1762100100000,9880.836298,0.000151,0.012201
1762101000000,9879.211113,-0.000003,0.012363
1762101900000,9879.935443,0.000073,0.012291
1762102800000,9882.691307,0.000279,0.012015
1762103700000,9881.161547,-0.000155,0.012168
1762104600000,9878.508848,-0.000268,0.012433
1762105500000,9881.856578,0.000339,0.012099
1762106400000,9881.638980,-0.000022,0.012120
1762107300000,9883.028690,0.000141,0.011981
1762108200000,9883.603492,0.000058,0.011924
1762109100000,9885.061124,0.000147,0.011778
1762110000000,9882.433807,-0.000266,0.012041
1762110900000,9875.722830,-0.000586,0.012712
1762111800000,9877.026245,0.000132,0.012581
1762112700000,9878.607767,0.000160,0.012423
1762113600000,9875.891610,-0.000275,0.012695
1762114500000,9875.334955,-0.000056,0.012750
1762115400000,9876.869168,0.000155,0.012597
1762116300000,9877.366098,0.000050,0.012547
1762117200000,9876.323147,-0.000106,0.012652
1762118100000,9875.415328,0.000009,0.012742
1762119000000,9876.166491,0.000076,0.012667
1762119900000,9875.112059,-0.000107,0.012773
1762120800000,9874.082581,-0.000104,0.012876
1762121700000,9874.962712,0.000089,0.012788
1762122600000,9866.904325,-0.000816,0.013593
1762123500000,9873.124058,0.000630,0.012972
1762124400000,9885.831780,0.001286,0.011701
1762125300000,9879.309466,-0.000660,0.012353
1762126200000,9884.553522,0.000531,0.011829
1762127100000,9887.693328,0.000318,0.011515
1762128000000,9890.731894,0.000307,0.011211
1762128900000,9882.864476,-0.000796,0.011998
1762129800000,9879.672628,-0.000132,0.012317
1762130700000,9877.624237,-0.000207,0.012522
1762131600000,9877.504002,-0.000012,0.012534
1762132500000,9877.181785,-0.000033,0.012566
1762133400000,9877.540700,0.000036,0.012530
1762134300000,9877.259138,-0.000029,0.012558
1762135200000,9877.296248,0.000004,0.012554
1762136100000,9873.183098,-0.000176,0.012966
1762137000000,9862.899696,-0.001042,0.013994
1762137900000,9867.920466,0.000509,0.013492
1762138800000,9845.016205,-0.002324,0.015781
1762139700000,9842.122556,-0.000294,0.016071
1762140600000,9846.037875,0.000398,0.015679
1762141500000,9836.774823,-0.000941,0.016605
1762142400000,9831.125365,-0.000574,0.017170
1762143300000,9832.605725,0.000274,0.017022
1762144200000,9830.929497,-0.000170,0.017190
1762145100000,9833.623790,0.000274,0.016920
1762146000000,9834.777413,0.000117,0.016805
1762146900000,9834.712548,-0.000007,0.016812
1762147800000,9829.025057,-0.000578,0.017380
1762148700000,9828.936214,-0.000009,0.017389
1762149600000,9825.064673,-0.000394,0.017776
1762150500000,9817.269223,0.000184,0.018555
1762151400000,9825.782274,0.000867,0.017704
1762152300000,9815.318408,-0.001066,0.018750
1762153200000,9819.179140,0.000393,0.018364
1762154100000,9802.084359,-0.001742,0.020073
1762155000000,9816.293714,0.001449,0.018653
1762155900000,9817.552742,0.000128,0.018527
1762156800000,9807.989279,-0.000975,0.019483
1762157700000,9829.755525,0.003015,0.017307
1762158600000,9829.707726,-0.000005,0.017312
1762159500000,9828.885699,-0.000084,0.017394
1762160400000,9828.356933,-0.000054,0.017447
1762161300000,9829.365190,0.000103,0.017346
1762162200000,9829.475860,0.000011,0.017335
1762163100000,9829.776289,0.000031,0.017305
1762164000000,9829.048398,-0.000074,0.017378
1762164900000,9828.882090,-0.000017,0.017394
1762165800000,9829.683347,0.000082,0.017314
1762166700000,9830.338774,0.000067,0.017249
1762167600000,9829.004584,-0.000136,0.017382
1762168500000,9828.750999,-0.000026,0.017408
1762169400000,9828.534187,-0.000022,0.017429
1762170300000,9828.395592,-0.000014,0.017443
1762171200000,9827.772257,-0.000063,0.017505
1762172100000,9827.329497,-0.000045,0.017550
1762173000000,9827.679074,0.000103,0.017515
1762173900000,9827.403010,-0.000028,0.017542
1762174800000,9827.092981,-0.000032,0.017573
1762175700000,9827.102769,0.000001,0.017572
1762176600000,9827.843484,0.000075,0.017498
1762177500000,9828.070460,0.000023,0.017476
1762178400000,9827.922559,-0.000015,0.017490
1762179300000,9826.476358,-0.000147,0.017635
1762180200000,9826.798342,0.000033,0.017603
1762181100000,9828.783590,0.000202,0.017404
1762182000000,9826.936782,-0.000188,0.017589
1762182900000,9819.340977,-0.000773,0.018348
1762183800000,9819.997989,0.000067,0.018283
1762184700000,9818.415190,-0.000161,0.018441
1762185600000,9819.918110,0.000153,0.018291
1762186500000,9821.174850,0.000128,0.018165
1762187400000,9821.733245,0.000057,0.018109
1762188300000,9822.563167,0.000084,0.018026
1762189200000,9823.274274,0.000072,0.017955
1762190100000,9824.376409,0.000112,0.017845
1762191000000,9826.023984,0.000168,0.017680
1762191900000,9826.121624,0.000010,0.017670
1762192800000,9824.968799,-0.000117,0.017786
1762193700000,9825.167597,0.000020,0.017766
1762194600000,9823.538720,-0.000166,0.017929
1762195500000,9823.824971,0.000029,0.017900
1762196400000,9823.064860,-0.000077,0.017976
1762197300000,9823.753312,0.000070,0.017907
1762198200000,9825.173850,0.000145,0.017765
1762199100000,9824.354936,-0.000083,0.017847
1762200000000,9822.753044,-0.000163,0.018007
1762200900000,9822.871512,0.000012,0.017995
1762201800000,9822.485491,-0.000039,0.018034
1762202700000,9822.466182,-0.000002,0.018036
1762203600000,9822.082096,-0.000039,0.018074
1762204500000,9822.339084,0.000026,0.018049
1762205400000,9824.116431,0.000181,0.017871
1762206300000,9822.872661,-0.000059,0.017995
1762207200000,9823.730874,0.000087,0.017909
1762208100000,9824.579695,0.000086,0.017825
1762209000000,9824.088608,-0.000050,0.017874
1762209900000,9823.818691,-0.000027,0.017901
1762210800000,9824.432098,0.000062,0.017839
1762211700000,9823.949026,-0.000049,0.017888
1762212600000,9823.518213,-0.000044,0.017931
1762213500000,9823.605956,0.000009,0.017922
1762214400000,9824.226576,0.000063,0.017860
1762215300000,9825.352245,0.000115,0.017747
1762216200000,9823.241207,-0.000215,0.017958
1762217100000,9823.853199,0.000062,0.017897
1762218000000,9823.558947,-0.000030,0.017927
1762218900000,9822.827232,-0.000074,0.018000
1762219800000,9822.292317,-0.000054,0.018053
1762220700000,9822.516659,0.000023,0.018031
1762221600000,9822.791423,0.000028,0.018003
1762222500000,9822.733755,-0.000006,0.018009
1762223400000,9823.166588,0.000044,0.017966
1762224300000,9823.843304,0.000069,0.017898
1762225200000,9822.802718,-0.000106,0.018002
1762226100000,9822.693876,-0.000011,0.018013
1762227000000,9822.219898,-0.000048,0.018060
1762227900000,9822.243876,0.000002,0.018058
1762228800000,9822.150856,-0.000009,0.018067
1762229700000,9821.924293,0.000061,0.018090
1762230600000,9823.065256,0.000116,0.017976
1762231500000,9824.155715,0.000111,0.017867
1762232400000,9825.910972,0.000179,0.017691
1762233300000,9836.026824,0.001029,0.016680
1762234200000,9844.256229,0.000836,0.015857
1762235100000,9852.209028,0.000808,0.015062
1762236000000,9843.737960,-0.000753,0.015909
1762236900000,9843.737960,0.000000,0.015909
1762237800000,9843.737960,0.000000,0.015909
1762238700000,9843.737960,0.000000,0.015909
1762239600000,9843.737960,0.000000,0.015909
1762240500000,9843.737960,0.000000,0.015909
1762241400000,9843.737960,0.000000,0.015909
1762242300000,9843.737960,0.000000,0.015909
1762243200000,9843.737960,0.000000,0.015909
1762244100000,9843.737960,0.000000,0.015909
1762245000000,9843.737960,0.000000,0.015909
1762245900000,9843.737960,0.000000,0.015909
1762246800000,9843.737960,0.000000,0.015909
1762247700000,9843.737960,0.000000,0.015909
1762248600000,9843.737960,0.000000,0.015909
1762249500000,9843.737960,0.000000,0.015909
1762250400000,9843.737960,0.000000,0.015909
1762251300000,9843.737960,0.000000,0.015909
1762252200000,9843.737960,0.000000,0.015909
1762253100000,9843.737960,0.000000,0.015909
1762254000000,9843.737960,0.000000,0.015909
1762254900000,9843.737960,0.000000,0.015909
1762255800000,9843.737960,0.000000,0.015909
1762256700000,9843.737960,0.000000,0.015909
1762257600000,9843.737960,0.000000,0.015909
1762258500000,9843.737960,0.000000,0.015909
1762259400000,9843.737960,0.000000,0.015909
1762260300000,9843.737960,0.000000,0.015909
1762261200000,9843.737960,0.000000,0.015909
1762262100000,9843.737960,0.000000,0.015909
1762263000000,9843.737960,0.000000,0.015909
1762263900000,9843.737960,0.000000,0.015909
1762264800000,9843.737960,0.000000,0.015909
1762265700000,9843.737960,0.000000,0.015909
1762266600000,9843.737960,0.000000,0.015909
1762267500000,9843.737960,0.000000,0.015909
1762268400000,9843.737960,0.000000,0.015909
1762269300000,9843.737960,0.000000,0.015909
1762270200000,9843.737960,0.000000,0.015909
1762271100000,9843.737960,0.000000,0.015909
1762272000000,9843.737960,0.000000,0.015909
1762272900000,9843.737960,0.000000,0.015909
1762273800000,9843.737960,0.000000,0.015909
1762274700000,9843.737960,0.000000,0.015909
1762275600000,9843.737960,0.000000,0.015909
1762276500000,9843.737960,0.000000,0.015909
1762277400000,9843.737960,0.000000,0.015909
1762278300000,9843.737960,0.000000,0.015909
1762279200000,9843.737960,0.000000,0.015909
1762280100000,9843.737960,0.000000,0.015909
1762281000000,9843.737960,0.000000,0.015909
1762281900000,9843.737960,0.000000,0.015909
1762282800000,9843.737960,0.000000,0.015909
1762283700000,9843.737960,0.000000,0.015909
1762284600000,9843.737960,0.000000,0.015909
1762285500000,9843.737960,0.000000,0.015909
1762286400000,9843.737960,0.000000,0.015909
1762287300000,9843.737960,0.000000,0.015909
1762288200000,9843.737960,0.000000,0.015909
1762289100000,9843.737960,0.000000,0.015909
1762290000000,9843.737960,0.000000,0.015909
1762290900000,9843.737960,0.000000,0.015909
1762291800000,9843.737960,0.000000,0.015909
1762292700000,9843.737960,0.000000,0.015909
1762293600000,9843.737960,0.000000,0.015909
1762294500000,9843.737960,0.000000,0.015909
1762295400000,9843.737960,0.000000,0.015909
1762296300000,9843.737960,0.000000,0.015909
1762297200000,9843.737960,0.000000,0.015909
1762298100000,9843.737960,0.000000,0.015909
1762299000000,9843.737960,0.000000,0.015909
1762299900000,9843.737960,0.000000,0.015909
1762300800000,9843.737960,0.000000,0.015909
1762301700000,9843.737960,0.000000,0.015909
1762302600000,9843.737960,0.000000,0.015909
1762303500000,9843.737960,0.000000,0.015909
1762304400000,9843.737960,0.000000,0.015909
1762305300000,9843.737960,0.000000,0.015909
1762306200000,9843.737960,0.000000,0.015909
1762307100000,9843.737960,0.000000,0.015909
1762308000000,9843.737960,0.000000,0.015909
1762308900000,9843.737960,0.000000,0.015909
1762309800000,9843.737960,0.000000,0.015909
1762310700000,9843.737960,0.000000,0.015909
1762311600000,9843.737960,0.000000,0.015909
1762312500000,9843.737960,0.000000,0.015909
1762313400000,9843.737960,0.000000,0.015909
1762314300000,9843.737960,0.000000,0.015909
1762315200000,9843.737960,0.000000,0.015909
1762316100000,9843.737960,0.000000,0.015909
1762317000000,9843.737960,0.000000,0.015909
1762317900000,9843.737960,0.000000,0.015909
1762318800000,9843.737960,0.000000,0.015909
1762319700000,9843.737960,0.000000,0.015909
1762320600000,9843.737960,0.000000,0.015909
1762321500000,9843.737960,0.000000,0.015909
1762322400000,9843.737960,0.000000,0.015909
1762323300000,9843.737960,0.000000,0.015909
1762324200000,9843.737960,0.000000,0.015909
1762325100000,9843.737960,0.000000,0.015909
1762326000000,9843.737960,0.000000,0.015909
1762326900000,9843.737960,0.000000,0.015909
1762327800000,9843.737960,0.000000,0.015909
1762328700000,9843.737960,0.000000,0.015909
1762329600000,9843.737960,0.000000,0.015909
1762330500000,9843.737960,0.000000,0.015909
1762331400000,9843.737960,0.000000,0.015909
1762332300000,9843.737960,0.000000,0.015909
1762333200000,9843.737960,0.000000,0.015909
1762334100000,9843.737960,0.000000,0.015909
1762335000000,9843.737960,0.000000,0.015909
1762335900000,9843.737960,0.000000,0.015909
1762336800000,9843.737960,0.000000,0.015909
1762337700000,9843.737960,0.000000,0.015909
1762338600000,9843.737960,0.000000,0.015909
1762339500000,9843.737960,0.000000,0.015909
1762340400000,9843.737960,0.000000,0.015909
1762341300000,9843.737960,0.000000,0.015909
1762342200000,9843.737960,0.000000,0.015909
1762343100000,9843.737960,0.000000,0.015909
1762344000000,9843.737960,0.000000,0.015909
1762344900000,9843.737960,0.000000,0.015909
1762345800000,9843.737960,0.000000,0.015909
1762346700000,9843.737960,0.000000,0.015909
1762347600000,9843.737960,0.000000,0.015909
1762348500000,9843.737960,0.000000,0.015909
1762349400000,9843.737960,0.000000,0.015909
1762350300000,9843.737960,0.000000,0.015909
1762351200000,9843.737960,0.000000,0.015909
1762352100000,9843.737960,0.000000,0.015909
1762353000000,9843.737960,0.000000,0.015909
1762353900000,9843.737960,0.000000,0.015909
1762354800000,9843.737960,0.000000,0.015909
1762355700000,9843.737960,0.000000,0.015909
1762356600000,9843.737960,0.000000,0.015909
1762357500000,9843.737960,0.000000,0.015909
1762358400000,9843.737960,0.000000,0.015909
1762359300000,9843.737960,0.000000,0.015909
1762360200000,9843.737960,0.000000,0.015909
1762361100000,9843.737960,0.000000,0.015909
1762362000000,9843.737960,0.000000,0.015909
1762362900000,9843.737960,0.000000,0.015909
1762363800000,9843.737960,0.000000,0.015909
1762364700000,9843.737960,0.000000,0.015909
1762365600000,9843.737960,0.000000,0.015909
1762366500000,9843.737960,0.000000,0.015909
1762367400000,9843.737960,0.000000,0.015909
1762368300000,9843.737960,0.000000,0.015909
1762369200000,9843.737960,0.000000,0.015909
1762370100000,9843.737960,0.000000,0.015909
1762371000000,9843.737960,0.000000,0.015909
1762371900000,9843.737960,0.000000,0.015909
1762372800000,9843.737960,0.000000,0.015909
1762373700000,9843.737960,0.000000,0.015909
1762374600000,9843.737960,0.000000,0.015909
1762375500000,9843.737960,0.000000,0.015909
1762376400000,9843.737960,0.000000,0.015909
1762377300000,9843.737960,0.000000,0.015909
1762378200000,9843.737960,0.000000,0.015909
1762379100000,9843.737960,0.000000,0.015909
1762380000000,9843.737960,0.000000,0.015909
1762380900000,9843.737960,0.000000,0.015909
1762381800000,9843.737960,0.000000,0.015909
1762382700000,9843.737960,0.000000,0.015909
1762383600000,9843.737960,0.000000,0.015909
1762384500000,9843.737960,0.000000,0.015909
1762385400000,9843.737960,0.000000,0.015909
1762386300000,9843.737960,0.000000,0.015909
1762387200000,9843.737960,0.000000,0.015909
1762388100000,9843.737960,0.000000,0.015909
1762389000000,9843.737960,0.000000,0.015909
1762389900000,9843.737960,0.000000,0.015909
1762390800000,9843.737960,0.000000,0.015909
1762391700000,9843.737960,0.000000,0.015909
1762392600000,9843.737960,0.000000,0.015909
1762393500000,9843.737960,0.000000,0.015909
1762394400000,9843.737960,0.000000,0.015909
1762395300000,9843.737960,0.000000,0.015909
1762396200000,9843.737960,0.000000,0.015909
1762397100000,9843.737960,0.000000,0.015909
1762398000000,9843.737960,0.000000,0.015909
1762398900000,9843.737960,0.000000,0.015909
1762399800000,9843.737960,0.000000,0.015909
1762400700000,9843.737960,0.000000,0.015909
1762401600000,9843.737960,0.000000,0.015909
1762402500000,9843.737960,0.000000,0.015909
1762403400000,9843.737960,0.000000,0.015909
1762404300000,9843.737960,0.000000,0.015909
1762405200000,9843.737960,0.000000,0.015909
1762406100000,9843.737960,0.000000,0.015909
1762407000000,9843.737960,0.000000,0.015909
1762407900000,9843.737960,0.000000,0.015909
1762408800000,9843.737960,0.000000,0.015909
1762409700000,9843.737960,0.000000,0.015909
1762410600000,9843.737960,0.000000,0.015909
1762411500000,9843.737960,0.000000,0.015909
1762412400000,9843.737960,0.000000,0.015909
1762413300000,9843.737960,0.000000,0.015909
1762414200000,9843.737960,0.000000,0.015909
1762415100000,9843.737960,0.000000,0.015909
1762416000000,9843.737960,0.000000,0.015909
1762416900000,9843.737960,0.000000,0.015909
1762417800000,9843.737960,0.000000,0.015909
1762418700000,9843.737960,0.000000,0.015909
1762419600000,9843.737960,0.000000,0.015909
1762420500000,9843.737960,0.000000,0.015909
1762421400000,9843.737960,0.000000,0.015909
1762422300000,9843.737960,0.000000,0.015909
1762423200000,9843.737960,0.000000,0.015909
1762424100000,9843.737960,0.000000,0.015909
1762425000000,9843.737960,0.000000,0.015909
1762425900000,9843.737960,0.000000,0.015909
1762426800000,9843.737960,0.000000,0.015909
1762427700000,9843.737960,0.000000,0.015909
1762428600000,9843.737960,0.000000,0.015909
1762429500000,9843.737960,0.000000,0.015909
1762430400000,9843.737960,0.000000,0.015909
1762431300000,9843.737960,0.000000,0.015909
1762432200000,9843.737960,0.000000,0.015909
1762433100000,9843.737960,0.000000,0.015909
1762434000000,9843.737960,0.000000,0.015909
1762434900000,9843.737960,0.000000,0.015909
1762435800000,9843.737960,0.000000,0.015909
1762436700000,9843.737960,0.000000,0.015909
1762437600000,9843.737960,0.000000,0.015909
1762438500000,9843.737960,0.000000,0.015909
1762439400000,9843.737960,0.000000,0.015909
1762440300000,9843.737960,0.000000,0.015909
1762441200000,9843.737960,0.000000,0.015909
1762442100000,9843.737960,0.000000,0.015909
1762443000000,9843.737960,0.000000,0.015909
1762443900000,9843.737960,0.000000,0.015909
1762444800000,9843.737960,0.000000,0.015909
1762445700000,9843.737960,0.000000,0.015909
1762446600000,9843.737960,0.000000,0.015909
1762447500000,9843.737960,0.000000,0.015909
1762448400000,9843.737960,0.000000,0.015909
1762449300000,9843.737960,0.000000,0.015909
1762450200000,9843.737960,0.000000,0.015909
1762451100000,9843.737960,0.000000,0.015909
1762452000000,9843.737960,0.000000,0.015909
1762452900000,9843.737960,0.000000,0.015909
1762453800000,9843.737960,0.000000,0.015909
1762454700000,9843.737960,0.000000,0.015909
1762455600000,9843.737960,0.000000,0.015909
1762456500000,9843.737960,0.000000,0.015909
1762457400000,9843.737960,0.000000,0.015909
1762458300000,9843.737960,0.000000,0.015909
1762459200000,9843.737960,0.000000,0.015909
1762460100000,9843.737960,0.000000,0.015909
1762461000000,9843.737960,0.000000,0.015909
1762461900000,9843.737960,0.000000,0.015909
1762462800000,9843.737960,0.000000,0.015909
1762463700000,9843.737960,0.000000,0.015909
1762464600000,9843.737960,0.000000,0.015909
1762465500000,9843.737960,0.000000,0.015909
1762466400000,9843.737960,0.000000,0.015909
1762467300000,9843.737960,0.000000,0.015909
1762468200000,9843.737960,0.000000,0.015909
1762469100000,9843.737960,0.000000,0.015909
1762470000000,9843.737960,0.000000,0.015909
1762470900000,9843.737960,0.000000,0.015909
1762471800000,9843.737960,0.000000,0.015909
1762472700000,9843.737960,0.000000,0.015909
1762473600000,9843.737960,0.000000,0.015909
1762474500000,9843.737960,0.000000,0.015909
1762475400000,9843.737960,0.000000,0.015909
1762476300000,9843.737960,0.000000,0.015909
1762477200000,9843.737960,0.000000,0.015909
1762478100000,9843.737960,0.000000,0.015909
1762479000000,9843.737960,0.000000,0.015909
1762479900000,9843.737960,0.000000,0.015909
1762480800000,9843.737960,0.000000,0.015909
1762481700000,9843.737960,0.000000,0.015909
1762482600000,9843.737960,0.000000,0.015909
1762483500000,9843.737960,0.000000,0.015909
1762484400000,9843.737960,0.000000,0.015909
1762485300000,9843.737960,0.000000,0.015909
1762486200000,9843.737960,0.000000,0.015909
1762487100000,9843.737960,0.000000,0.015909
1762488000000,9843.737960,0.000000,0.015909
1762488900000,9843.737960,0.000000,0.015909
1762489800000,9843.737960,0.000000,0.015909
1762490700000,9843.737960,0.000000,0.015909
1762491600000,9843.737960,0.000000,0.015909
1762492500000,9843.737960,0.000000,0.015909
1762493400000,9843.737960,0.000000,0.015909
1762494300000,9843.737960,0.000000,0.015909
1762495200000,9843.737960,0.000000,0.015909
1762496100000,9843.737960,0.000000,0.015909
1762497000000,9843.737960,0.000000,0.015909
1762497900000,9843.737960,0.000000,0.015909
1762498800000,9843.737960,0.000000,0.015909
1762499700000,9843.737960,0.000000,0.015909
1762500600000,9843.737960,0.000000,0.015909
1762501500000,9843.737960,0.000000,0.015909
1762502400000,9843.737960,0.000000,0.015909
1762503300000,9843.737960,0.000000,0.015909
1762504200000,9843.737960,0.000000,0.015909
1762505100000,9843.737960,0.000000,0.015909
1762506000000,9843.737960,0.000000,0.015909
1762506900000,9843.737960,0.000000,0.015909
1762507800000,9843.737960,0.000000,0.015909
1762508700000,9843.737960,0.000000,0.015909
1762509600000,9843.737960,0.000000,0.015909
1762510500000,9843.737960,0.000000,0.015909
1762511400000,9843.737960,0.000000,0.015909
1762512300000,9843.737960,0.000000,0.015909
1762513200000,9843.737960,0.000000,0.015909
1762514100000,9843.737960,0.000000,0.015909
1762515000000,9843.737960,0.000000,0.015909
1762515900000,9843.737960,0.000000,0.015909
1762516800000,9843.737960,0.000000,0.015909
1762517700000,9843.737960,0.000000,0.015909
1762518600000,9843.737960,0.000000,0.015909
1762519500000,9843.737960,0.000000,0.015909
1762520400000,9843.737960,0.000000,0.015909
1762521300000,9843.737960,0.000000,0.015909
1762522200000,9843.737960,0.000000,0.015909
1762523100000,9843.737960,0.000000,0.015909
1762524000000,9843.737960,0.000000,0.015909
1762524900000,9843.737960,0.000000,0.015909
1762525800000,9843.737960,0.000000,0.015909
1762526700000,9843.737960,0.000000,0.015909
1762527600000,9843.737960,0.000000,0.015909
1762528500000,9843.737960,0.000000,0.015909
1762529400000,9843.737960,0.000000,0.015909
1762530300000,9843.737960,0.000000,0.015909
1762531200000,9843.737960,0.000000,0.015909
1762532100000,9843.737960,0.000000,0.015909
1762533000000,9843.737960,0.000000,0.015909
1762533900000,9843.737960,0.000000,0.015909
1762534800000,9843.737960,0.000000,0.015909
1762535700000,9843.737960,0.000000,0.015909
1762536600000,9843.737960,0.000000,0.015909
1762537500000,9843.737960,0.000000,0.015909
1762538400000,9843.737960,0.000000,0.015909
1762539300000,9843.737960,0.000000,0.015909
1762540200000,9843.737960,0.000000,0.015909
1762541100000,9843.737960,0.000000,0.015909
1762542000000,9843.737960,0.000000,0.015909
1762542900000,9843.737960,0.000000,0.015909
1762543800000,9843.737960,0.000000,0.015909
1762544700000,9843.737960,0.000000,0.015909
1762545600000,9843.737960,0.000000,0.015909
1762546500000,9843.737960,0.000000,0.015909
1762547400000,9843.737960,0.000000,0.015909
1762548300000,9843.737960,0.000000,0.015909
1762549200000,9843.737960,0.000000,0.015909
1762550100000,9843.737960,0.000000,0.015909
1762551000000,9843.737960,0.000000,0.015909
1762551900000,9843.737960,0.000000,0.015909
1762552800000,9843.737960,0.000000,0.015909
1762553700000,9843.737960,0.000000,0.015909
1762554600000,9843.737960,0.000000,0.015909
1762555500000,9843.737960,0.000000,0.015909
1762556400000,9843.737960,0.000000,0.015909
1762557300000,9843.737960,0.000000,0.015909
1762558200000,9843.737960,0.000000,0.015909
1762559100000,9843.737960,0.000000,0.015909
1762560000000,9843.737960,0.000000,0.015909
1762560900000,9843.737960,0.000000,0.015909
1762561800000,9843.737960,0.000000,0.015909
1762562700000,9843.737960,0.000000,0.015909
1762563600000,9843.737960,0.000000,0.015909
1762564500000,9843.737960,0.000000,0.015909
1762565400000,9843.737960,0.000000,0.015909
1762566300000,9843.737960,0.000000,0.015909
1762567200000,9843.737960,0.000000,0.015909
1762568100000,9843.737960,0.000000,0.015909
1762569000000,9843.737960,0.000000,0.015909
1762569900000,9843.737960,0.000000,0.015909
1762570800000,9843.737960,0.000000,0.015909
1762571700000,9843.737960,0.000000,0.015909
1762572600000,9843.737960,0.000000,0.015909
1762573500000,9843.737960,0.000000,0.015909
1762574400000,9843.737960,0.000000,0.015909
1762575300000,9843.737960,0.000000,0.015909
1762576200000,9843.737960,0.000000,0.015909
1762577100000,9843.737960,0.000000,0.015909
1762578000000,9843.737960,0.000000,0.015909
1762578900000,9843.737960,0.000000,0.015909
1762579800000,9843.737960,0.000000,0.015909
1762580700000,9843.737960,0.000000,0.015909
1762581600000,9843.737960,0.000000,0.015909
1762582500000,9843.737960,0.000000,0.015909
1762583400000,9843.737960,0.000000,0.015909
1762584300000,9843.737960,0.000000,0.015909
1762585200000,9843.737960,0.000000,0.015909
1762586100000,9843.737960,0.000000,0.015909
1762587000000,9843.737960,0.000000,0.015909
1762587900000,9843.737960,0.000000,0.015909
1762588800000,9843.737960,0.000000,0.015909
1762589700000,9843.737960,0.000000,0.015909
1762590600000,9843.737960,0.000000,0.015909
1762591500000,9843.737960,0.000000,0.015909
1762592400000,9843.737960,0.000000,0.015909
1762593300000,9843.737960,0.000000,0.015909
1762594200000,9843.737960,0.000000,0.015909
1762595100000,9843.737960,0.000000,0.015909
1762596000000,9843.737960,0.000000,0.015909
1762596900000,9843.737960,0.000000,0.015909
1762597800000,9843.737960,0.000000,0.015909
1762598700000,9843.737960,0.000000,0.015909
1762599600000,9843.737960,0.000000,0.015909
1762600500000,9843.737960,0.000000,0.015909
1762601400000,9843.737960,0.000000,0.015909
1762602300000,9843.737960,0.000000,0.015909
1762603200000,9843.737960,0.000000,0.015909
1762604100000,9843.737960,0.000000,0.015909
1762605000000,9843.737960,0.000000,0.015909
1762605900000,9843.737960,0.000000,0.015909
1762606800000,9843.737960,0.000000,0.015909
1762607700000,9843.737960,0.000000,0.015909
1762608600000,9843.737960,0.000000,0.015909
1762609500000,9843.737960,0.000000,0.015909
1762610400000,9843.737960,0.000000,0.015909
1762611300000,9843.737960,0.000000,0.015909
1762612200000,9843.737960,0.000000,0.015909
1762613100000,9843.737960,0.000000,0.015909
1762614000000,9843.737960,0.000000,0.015909
1762614900000,9843.737960,0.000000,0.015909
1762615800000,9843.737960,0.000000,0.015909
1762616700000,9843.737960,0.000000,0.015909
1762617600000,9843.737960,0.000000,0.015909
1762618500000,9843.737960,0.000000,0.015909
1762619400000,9843.737960,0.000000,0.015909
1762620300000,9843.737960,0.000000,0.015909
1762621200000,9843.737960,0.000000,0.015909
1762622100000,9843.737960,0.000000,0.015909
1762623000000,9843.737960,0.000000,0.015909
1762623900000,9843.737960,0.000000,0.015909
1762624800000,9843.737960,0.000000,0.015909
1762625700000,9843.737960,0.000000,0.015909
1762626600000,9843.737960,0.000000,0.015909
1762627500000,9843.737960,0.000000,0.015909
1762628400000,9843.737960,0.000000,0.015909
1762629300000,9843.737960,0.000000,0.015909
1762630200000,9843.737960,0.000000,0.015909
1762631100000,9843.737960,0.000000,0.015909
1762632000000,9843.737960,0.000000,0.015909
1762632900000,9843.737960,0.000000,0.015909
1762633800000,9843.737960,0.000000,0.015909
1762634700000,9843.737960,0.000000,0.015909
1762635600000,9843.737960,0.000000,0.015909
1762636500000,9843.737960,0.000000,0.015909
1762637400000,9843.737960,0.000000,0.015909
1762638300000,9843.737960,0.000000,0.015909
1762639200000,9843.737960,0.000000,0.015909
1762640100000,9843.737960,0.000000,0.015909
1762641000000,9843.737960,0.000000,0.015909
1762641900000,9843.737960,0.000000,0.015909
1762642800000,9843.737960,0.000000,0.015909
1762643700000,9843.737960,0.000000,0.015909
1762644600000,9843.737960,0.000000,0.015909
1762645500000,9843.737960,0.000000,0.015909
1762646400000,9843.737960,0.000000,0.015909
1762647300000,9843.737960,0.000000,0.015909
1762648200000,9843.737960,0.000000,0.015909
1762649100000,9843.737960,0.000000,0.015909
1762650000000,9843.737960,0.000000,0.015909
1762650900000,9843.737960,0.000000,0.015909
1762651800000,9843.737960,0.000000,0.015909
1762652700000,9843.737960,0.000000,0.015909
1762653600000,9843.737960,0.000000,0.015909
1762654500000,9843.737960,0.000000,0.015909
1762655400000,9843.737960,0.000000,0.015909
1762656300000,9843.737960,0.000000,0.015909
1762657200000,9843.737960,0.000000,0.015909
1762658100000,9843.737960,0.000000,0.015909
1762659000000,9843.737960,0.000000,0.015909
1762659900000,9843.737960,0.000000,0.015909
1762660800000,9843.737960,0.000000,0.015909
1762661700000,9843.737960,0.000000,0.015909
1762662600000,9843.737960,0.000000,0.015909
1762663500000,9843.737960,0.000000,0.015909
1762664400000,9843.737960,0.000000,0.015909
1762665300000,9843.737960,0.000000,0.015909
1762666200000,9843.737960,0.000000,0.015909
1762667100000,9843.737960,0.000000,0.015909
1762668000000,9843.737960,0.000000,0.015909
1762668900000,9843.737960,0.000000,0.015909
1762669800000,9843.737960,0.000000,0.015909
1762670700000,9843.737960,0.000000,0.015909
1762671600000,9843.737960,0.000000,0.015909
1762672500000,9843.737960,0.000000,0.015909
1762673400000,9843.737960,0.000000,0.015909
1762674300000,9843.737960,0.000000,0.015909
1762675200000,9843.737960,0.000000,0.015909
1762676100000,9843.737960,0.000000,0.015909
1762677000000,9843.737960,0.000000,0.015909
1762677900000,9843.737960,0.000000,0.015909
1762678800000,9843.737960,0.000000,0.015909
1762679700000,9843.737960,0.000000,0.015909
1762680600000,9843.737960,0.000000,0.015909
1762681500000,9843.737960,0.000000,0.015909
1762682400000,9843.737960,0.000000,0.015909
1762683300000,9843.737960,0.000000,0.015909
1762684200000,9843.737960,0.000000,0.015909
1762685100000,9843.737960,0.000000,0.015909
1762686000000,9843.737960,0.000000,0.015909
1762686900000,9843.737960,0.000000,0.015909
1762687800000,9843.737960,0.000000,0.015909
1762688700000,9843.737960,0.000000,0.015909
1762689600000,9843.737960,0.000000,0.015909
1762690500000,9843.737960,0.000000,0.015909
1762691400000,9843.737960,0.000000,0.015909
1762692300000,9843.737960,0.000000,0.015909
1762693200000,9843.737960,0.000000,0.015909
1762694100000,9843.737960,0.000000,0.015909
1762695000000,9843.737960,0.000000,0.015909
1762695900000,9843.737960,0.000000,0.015909
1762696800000,9843.737960,0.000000,0.015909
1762697700000,9843.737960,0.000000,0.015909
1762698600000,9843.737960,0.000000,0.015909
1762699500000,9843.737960,0.000000,0.015909
1762700400000,9843.737960,0.000000,0.015909
1762701300000,9843.737960,0.000000,0.015909
1762702200000,9843.737960,0.000000,0.015909
1762703100000,9843.737960,0.000000,0.015909
1762704000000,9843.737960,0.000000,0.015909
1762704900000,9843.737960,0.000000,0.015909
1762705800000,9843.737960,0.000000,0.015909
1762706700000,9843.737960,0.000000,0.015909
1762707600000,9843.737960,0.000000,0.015909
1762708500000,9843.737960,0.000000,0.015909
1762709400000,9843.737960,0.000000,0.015909
1762710300000,9843.737960,0.000000,0.015909
1762711200000,9843.737960,0.000000,0.015909
1762712100000,9843.737960,0.000000,0.015909
1762713000000,9843.737960,0.000000,0.015909
1762713900000,9843.737960,0.000000,0.015909
1762714800000,9843.737960,0.000000,0.015909
1762715700000,9843.737960,0.000000,0.015909
1762716600000,9843.737960,0.000000,0.015909
1762717500000,9843.737960,0.000000,0.015909
1762718400000,9843.737960,0.000000,0.015909
1762719300000,9843.737960,0.000000,0.015909
1762720200000,9843.737960,0.000000,0.015909
1762721100000,9843.737960,0.000000,0.015909
1762722000000,9843.737960,0.000000,0.015909
1762722900000,9843.737960,0.000000,0.015909
1762723800000,9843.737960,0.000000,0.015909
1762724700000,9843.737960,0.000000,0.015909
1762725600000,9843.737960,0.000000,0.015909
1762726500000,9843.737960,0.000000,0.015909
1762727400000,9843.737960,0.000000,0.015909
1762728300000,9843.737960,0.000000,0.015909
1762729200000,9843.737960,0.000000,0.015909
1762730100000,9843.737960,0.000000,0.015909
1762731000000,9843.737960,0.000000,0.015909
1762731900000,9843.737960,0.000000,0.015909
1762732800000,9843.737960,0.000000,0.015909
1762733700000,9843.737960,0.000000,0.015909
1762734600000,9843.737960,0.000000,0.015909
1762735500000,9843.737960,0.000000,0.015909
1762736400000,9843.737960,0.000000,0.015909
1762737300000,9843.737960,0.000000,0.015909
1762738200000,9843.737960,0.000000,0.015909
1762739100000,9843.737960,0.000000,0.015909
1762740000000,9843.737960,0.000000,0.015909
1762740900000,9843.737960,0.000000,0.015909
1762741800000,9843.737960,0.000000,0.015909
1762742700000,9843.737960,0.000000,0.015909
1762743600000,9843.737960,0.000000,0.015909
1762744500000,9843.737960,0.000000,0.015909
1762745400000,9843.737960,0.000000,0.015909
1762746300000,9843.737960,0.000000,0.015909
1762747200000,9843.737960,0.000000,0.015909
1762748100000,9843.737960,0.000000,0.015909
1762749000000,9843.737960,0.000000,0.015909
1762749900000,9843.737960,0.000000,0.015909
1762750800000,9843.737960,0.000000,0.015909
1762751700000,9843.737960,0.000000,0.015909
1762752600000,9843.737960,0.000000,0.015909
1762753500000,9843.737960,0.000000,0.015909
1762754400000,9843.737960,0.000000,0.015909
1762755300000,9843.737960,0.000000,0.015909
1762756200000,9843.737960,0.000000,0.015909
1762757100000,9843.737960,0.000000,0.015909
1762758000000,9843.737960,0.000000,0.015909
1762758900000,9843.737960,0.000000,0.015909
1762759800000,9843.737960,0.000000,0.015909
1762760700000,9843.737960,0.000000,0.015909
1762761600000,9843.737960,0.000000,0.015909
1762762500000,9843.737960,0.000000,0.015909
1762763400000,9843.737960,0.000000,0.015909
1762764300000,9843.737960,0.000000,0.015909
1762765200000,9843.737960,0.000000,0.015909
1762766100000,9843.737960,0.000000,0.015909
1762767000000,9843.737960,0.000000,0.015909
1762767900000,9843.737960,0.000000,0.015909
1762768800000,9843.737960,0.000000,0.015909
1762769700000,9843.737960,0.000000,0.015909
1762770600000,9843.737960,0.000000,0.015909
1762771500000,9843.737960,0.000000,0.015909
1762772400000,9843.737960,0.000000,0.015909
1762773300000,9843.737960,0.000000,0.015909
1762774200000,9843.737960,0.000000,0.015909
1762775100000,9843.737960,0.000000,0.015909
1762776000000,9843.737960,0.000000,0.015909
1762776900000,9843.737960,0.000000,0.015909
1762777800000,9843.737960,0.000000,0.015909
1762778700000,9843.737960,0.000000,0.015909
1762779600000,9843.737960,0.000000,0.015909
1762780500000,9843.737960,0.000000,0.015909
1762781400000,9843.737960,0.000000,0.015909
1762782300000,9843.737960,0.000000,0.015909
1762783200000,9843.737960,0.000000,0.015909
1762784100000,9843.737960,0.000000,0.015909
1762785000000,9843.737960,0.000000,0.015909
1762785900000,9843.737960,0.000000,0.015909
1762786800000,9843.737960,0.000000,0.015909
1762787700000,9843.737960,0.000000,0.015909
1762788600000,9843.737960,0.000000,0.015909
1762789500000,9843.737960,0.000000,0.015909
1762790400000,9843.737960,0.000000,0.015909
1762791300000,9843.737960,0.000000,0.015909
1762792200000,9843.737960,0.000000,0.015909
1762793100000,9843.737960,0.000000,0.015909
1762794000000,9843.737960,0.000000,0.015909
1762794900000,9843.737960,0.000000,0.015909
1762795800000,9843.737960,0.000000,0.015909
1762796700000,9843.737960,0.000000,0.015909
1762797600000,9843.737960,0.000000,0.015909
1762798500000,9843.737960,0.000000,0.015909
1762799400000,9843.737960,0.000000,0.015909
1762800300000,9843.737960,0.000000,0.015909
1762801200000,9843.737960,0.000000,0.015909
1762802100000,9843.737960,0.000000,0.015909
1762803000000,9843.737960,0.000000,0.015909
1762803900000,9843.737960,0.000000,0.015909
1762804800000,9843.737960,0.000000,0.015909
1762805700000,9843.737960,0.000000,0.015909
1762806600000,9843.737960,0.000000,0.015909
1762807500000,9843.737960,0.000000,0.015909
1762808400000,9843.737960,0.000000,0.015909
1762809300000,9843.737960,0.000000,0.015909
1762810200000,9843.737960,0.000000,0.015909
1762811100000,9843.737960,0.000000,0.015909
1762812000000,9843.737960,0.000000,0.015909
1762812900000,9843.737960,0.000000,0.015909
1762813800000,9843.737960,0.000000,0.015909
1762814700000,9843.737960,0.000000,0.015909
1762815600000,9843.737960,0.000000,0.015909
1762816500000,9843.737960,0.000000,0.015909
1762817400000,9843.737960,0.000000,0.015909
1762818300000,9843.737960,0.000000,0.015909
1762819200000,9843.737960,0.000000,0.015909
1762820100000,9843.737960,0.000000,0.015909
1762821000000,9843.737960,0.000000,0.015909
1762821900000,9843.737960,0.000000,0.015909
1762822800000,9843.737960,0.000000,0.015909
1762823700000,9843.737960,0.000000,0.015909
1762824600000,9841.348616,0.000000,0.016148
1762825500000,9849.308414,0.000808,0.015352
1762826400000,9847.270581,-0.000207,0.015556
1762827300000,9842.546648,-0.000480,0.016028
1762828200000,9831.943009,-0.001078,0.017088
1762829100000,9835.669814,0.000379,0.016716
1762830000000,9829.462989,-0.000631,0.017336
1762830900000,9832.837432,0.000343,0.016999
1762831800000,9841.316179,0.000862,0.016151
1762832700000,9838.004647,-0.000094,0.016482
1762833600000,9838.004647,0.000000,0.016482
1762834500000,9838.004647,0.000000,0.016482
1762835400000,9838.004647,0.000000,0.016482
1762836300000,9838.004647,0.000000,0.016482
1762837200000,9838.004647,0.000000,0.016482
1762838100000,9838.004647,0.000000,0.016482
1762839000000,9838.004647,0.000000,0.016482
1762839900000,9838.004647,0.000000,0.016482
1762840800000,9838.004647,0.000000,0.016482
1762841700000,9838.004647,0.000000,0.016482
1762842600000,9838.004647,0.000000,0.016482
1762843500000,9838.004647,0.000000,0.016482
1762844400000,9838.004647,0.000000,0.016482
1762845300000,9838.004647,0.000000,0.016482
1762846200000,9838.004647,0.000000,0.016482
1762847100000,9838.004647,0.000000,0.016482
1762848000000,9838.004647,0.000000,0.016482
1762848900000,9838.004647,0.000000,0.016482
1762849800000,9838.004647,0.000000,0.016482
1762850700000,9838.004647,0.000000,0.016482
1762851600000,9838.004647,0.000000,0.016482
1762852500000,9838.004647,0.000000,0.016482
1762853400000,9838.004647,0.000000,0.016482
1762854300000,9838.004647,0.000000,0.016482
1762855200000,9838.004647,0.000000,0.016482
1762856100000,9838.004647,0.000000,0.016482
1762857000000,9838.004647,0.000000,0.016482
1762857900000,9838.004647,0.000000,0.016482
1762858800000,9838.004647,0.000000,0.016482
1762859700000,9838.004647,0.000000,0.016482
1762860600000,9838.004647,0.000000,0.016482
1762861500000,9838.004647,0.000000,0.016482
1762862400000,9838.004647,0.000000,0.016482
1762863300000,9838.004647,0.000000,0.016482
1762864200000,9838.004647,0.000000,0.016482
1762865100000,9838.004647,0.000000,0.016482
1762866000000,9838.004647,0.000000,0.016482
1762866900000,9838.004647,0.000000,0.016482
1762867800000,9838.004647,0.000000,0.016482
1762868700000,9838.004647,0.000000,0.016482
1762869600000,9838.004647,0.000000,0.016482
1762870500000,9838.004647,0.000000,0.016482
1762871400000,9838.004647,0.000000,0.016482
1762872300000,9838.004647,0.000000,0.016482
1762873200000,9838.004647,0.000000,0.016482
1762874100000,9838.004647,0.000000,0.016482
1762875000000,9838.004647,0.000000,0.016482
1762875900000,9838.004647,0.000000,0.016482
1762876800000,9838.004647,0.000000,0.016482
1762877700000,9838.004647,0.000000,0.016482
1762878600000,9838.004647,0.000000,0.016482
1762879500000,9838.004647,0.000000,0.016482
1762880400000,9838.004647,0.000000,0.016482
1762881300000,9838.004647,0.000000,0.016482
1762882200000,9838.004647,0.000000,0.016482
1762883100000,9838.004647,0.000000,0.016482
1762884000000,9838.004647,0.000000,0.016482
1762884900000,9838.004647,0.000000,0.016482
1762885800000,9838.004647,0.000000,0.016482
1762886700000,9838.004647,0.000000,0.016482
1762887600000,9838.004647,0.000000,0.016482
1762888500000,9838.004647,0.000000,0.016482
1762889400000,9838.004647,0.000000,0.016482
1762890300000,9838.004647,0.000000,0.016482
1762891200000,9838.004647,0.000000,0.016482
1762892100000,9838.004647,0.000000,0.016482
1762893000000,9838.004647,0.000000,0.016482
1762893900000,9838.004647,0.000000,0.016482
1762894800000,9838.004647,0.000000,0.016482
1762895700000,9838.004647,0.000000,0.016482
1762896600000,9838.004647,0.000000,0.016482
1762897500000,9838.004647,0.000000,0.016482
1762898400000,9838.004647,0.000000,0.016482
1762899300000,9838.004647,0.000000,0.016482
1762900200000,9838.004647,0.000000,0.016482
1762901100000,9838.004647,0.000000,0.016482
1762902000000,9838.004647,0.000000,0.016482
1762902900000,9838.004647,0.000000,0.016482
1762903800000,9838.004647,0.000000,0.016482
1762904700000,9838.004647,0.000000,0.016482
1762905600000,9838.004647,0.000000,0.016482
1762906500000,9838.004647,0.000000,0.016482
1762907400000,9838.004647,0.000000,0.016482
1762908300000,9838.004647,0.000000,0.016482
1762909200000,9838.004647,0.000000,0.016482
1762910100000,9838.004647,0.000000,0.016482
1762911000000,9838.004647,0.000000,0.016482
1762911900000,9838.004647,0.000000,0.016482
1762912800000,9838.004647,0.000000,0.016482
1762913700000,9838.004647,0.000000,0.016482
1762914600000,9838.004647,0.000000,0.016482
1762915500000,9838.004647,0.000000,0.016482
1762916400000,9838.004647,0.000000,0.016482
1762917300000,9838.004647,0.000000,0.016482
1762918200000,9838.004647,0.000000,0.016482
1762919100000,9838.004647,0.000000,0.016482
1762920000000,9838.004647,0.000000,0.016482
1762920900000,9838.004647,0.000000,0.016482
1762921800000,9838.004647,0.000000,0.016482
1762922700000,9838.004647,0.000000,0.016482
1762923600000,9838.004647,0.000000,0.016482
1762924500000,9838.004647,0.000000,0.016482
1762925400000,9838.004647,0.000000,0.016482
1762926300000,9838.004647,0.000000,0.016482
1762927200000,9838.004647,0.000000,0.016482
1762928100000,9838.004647,0.000000,0.016482
1762929000000,9838.004647,0.000000,0.016482
1762929900000,9838.004647,0.000000,0.016482
1762930800000,9838.004647,0.000000,0.016482
1762931700000,9838.004647,0.000000,0.016482
1762932600000,9838.004647,0.000000,0.016482
1762933500000,9838.004647,0.000000,0.016482
1762934400000,9838.004647,0.000000,0.016482
1762935300000,9838.004647,0.000000,0.016482
1762936200000,9838.004647,0.000000,0.016482
1762937100000,9838.004647,0.000000,0.016482
1762938000000,9838.004647,0.000000,0.016482
1762938900000,9838.004647,0.000000,0.016482
1762939800000,9838.004647,0.000000,0.016482
1762940700000,9838.004647,0.000000,0.016482
1762941600000,9838.004647,0.000000,0.016482
1762942500000,9838.004647,0.000000,0.016482
1762943400000,9838.004647,0.000000,0.016482
1762944300000,9838.004647,0.000000,0.016482
1762945200000,9838.004647,0.000000,0.016482
1762946100000,9838.004647,0.000000,0.016482
1762947000000,9838.004647,0.000000,0.016482
1762947900000,9838.004647,0.000000,0.016482
1762948800000,9838.004647,0.000000,0.016482
